,date,code,open,high,low,close,volume,amount,adjustflag,turn,pctChg
0,2010-03-19,sz.002371,58.0000000000,61.1800000000,55.3800000000,55.6200000000,25581904,1500295085.6800,1,193.100121,68.545455
1,2010-03-26,sz.002371,55.1600000000,65.8900000000,55.1300000000,63.9700000000,16658794,1015687976.6800,1,125.745728,15.012585
2,2010-04-02,sz.002371,64.5500000000,70.7000000000,62.0300000000,65.8400000000,11790941,779970120.0100,1,89.001668,2.923245
3,2010-04-09,sz.002371,66.0400000000,70.9800000000,65.0000000000,67.0000000000,8298828,564240268.1200,1,62.642120,1.761847
4,2010-04-16,sz.002371,67.0000000000,68.1500000000,58.4600000000,60.1100000000,8457612,534811500.8100,1,63.840670,-10.283582
5,2010-04-23,sz.002371,60.1100000000,65.5400000000,57.5200000000,63.0000000000,5887085,365490115.6600,1,44.437538,4.807852
6,2010-04-30,sz.002371,63.0000000000,65.6300000000,56.0000000000,59.2900000000,4472269,274616253.5800,1,33.758069,-5.888889
7,2010-05-07,sz.002371,58.0000000000,61.4400000000,56.3500000000,60.2800000000,1929349,116281460.2100,1,14.563323,1.669759
8,2010-05-14,sz.002371,61.5800000000,61.5800000000,46.5800000000,49.6000000000,3472078,180149789.4900,1,26.208318,-17.717319
9,2010-05-21,sz.002371,48.0100000000,49.9600000000,45.7100000000,49.8100000000,2680961,128848712.2800,1,20.236723,0.423387
10,2010-05-28,sz.002371,50.0000000000,54.6800000000,50.0000000000,53.2000000000,3387385,177514182.4900,1,25.569029,6.805862
11,2010-06-04,sz.002371,53.1800000000,53.1800000000,47.4000000000,51.0000000000,2025480,101468808.7500,1,15.288949,-4.135338
12,2010-06-11,sz.002371,49.9800000000,55.7400000000,49.3000000000,55.3900000000,2970066,159103393.2900,1,22.418976,8.607843
13,2010-06-18,sz.002371,54.2500000000,55.5000000000,47.9400000000,49.1500000000,3431755,180086199.4300,1,20.723158,-11.265571
14,2010-06-25,sz.002371,48.5500000000,51.6300000000,47.7000000000,50.8500000000,2923332,146820082.2700,1,17.652971,3.458800
15,2010-07-02,sz.002371,50.8000000000,50.9900000000,43.3000000000,45.3900000000,2766358,128230638.0900,1,16.705060,-10.737463
16,2010-07-09,sz.002371,44.9300000000,51.8000000000,43.6500000000,51.5500000000,3394059,163155934.4500,1,20.495525,13.571271
17,2010-07-16,sz.002371,50.8800000000,51.8000000000,48.7000000000,51.2800000000,2903910,146583752.9300,1,17.535688,-0.523763
18,2010-07-23,sz.002371,50.3100000000,53.1700000000,50.2800000000,51.7100000000,3532059,182671399.0500,1,21.328859,0.838534
19,2010-07-30,sz.002371,51.6100000000,54.8700000000,51.6100000000,53.9200000000,2732575,146666165.3300,1,16.501057,4.273835
20,2010-08-06,sz.002371,54.1800000000,56.0800000000,52.0500000000,56.0100000000,3183240,172299588.5000,1,19.222464,3.876113
21,2010-08-13,sz.002371,56.0800000000,61.5600000000,55.8200000000,61.3900000000,4898247,286713458.6500,1,29.578786,9.605428
22,2010-08-20,sz.002371,61.4000000000,66.5700000000,61.2500000000,63.0000000000,4022170,259861515.1100,1,24.288466,2.622577
23,2010-08-27,sz.002371,62.8000000000,65.9900000000,62.7000000000,63.8800000000,2567842,164968767.2500,1,15.506292,1.396825
24,2010-09-03,sz.002371,63.9200000000,68.8000000000,63.9100000000,66.2000000000,4006697,265711436.8400,1,24.195030,3.631810
25,2010-09-10,sz.002371,66.0000000000,71.1500000000,63.9600000000,70.5000000000,3575754,237827900.9900,1,21.592717,6.495468
26,2010-09-17,sz.002371,70.9000000000,81.7000000000,70.5000000000,77.2600000000,8017743,621727019.6200,1,48.416322,9.588652
27,2010-09-21,sz.002371,77.2400000000,77.2500000000,73.6000000000,74.5100000000,1071636,80116833.3500,1,6.471232,-3.559410
28,2010-09-30,sz.002371,74.5100000000,78.0000000000,71.9800000000,72.2000000000,1958735,145597726.9900,1,11.828110,-3.100255
29,2010-10-08,sz.002371,73.1500000000,79.4200000000,72.6000000000,78.5100000000,885095,68010228.6700,1,5.344777,8.739612
30,2010-10-15,sz.002371,78.5100000000,79.0000000000,68.9000000000,70.4400000000,2634131,195864353.6300,1,15.906588,-10.278945
31,2010-10-22,sz.002371,69.4000000000,74.6000000000,66.0600000000,73.3600000000,1924371,135644902.2600,1,11.620598,4.145372
32,2010-10-29,sz.002371,73.6800000000,82.9800000000,73.6800000000,80.2000000000,2737861,215590722.4600,1,16.532977,9.323882
33,2010-11-05,sz.002371,80.4000000000,87.9500000000,78.6500000000,86.4900000000,2064952,170745366.2700,1,12.469517,7.842893
34,2010-11-12,sz.002371,87.6500000000,97.0000000000,86.5100000000,90.0000000000,3230596,297910784.8100,1,19.508430,4.058273
35,2010-11-19,sz.002371,90.0300000000,93.0000000000,84.0000000000,92.0500000000,2466500,219786577.7500,1,14.894324,2.277778
36,2010-11-26,sz.002371,92.0000000000,102.9800000000,91.0000000000,99.6000000000,2672138,261493544.1600,1,16.136099,8.202064
37,2010-12-03,sz.002371,99.8800000000,101.7900000000,95.1100000000,96.9700000000,1506873,148618273.4500,1,9.099475,-2.640562
38,2010-12-10,sz.002371,97.0000000000,110.5600000000,95.0000000000,109.9800000000,2103206,221200782.4900,1,12.700519,13.416521
39,2010-12-17,sz.002371,111.4300000000,112.0000000000,107.0000000000,108.1000000000,1569057,171386849.7700,1,9.474982,-1.709402
40,2010-12-24,sz.002371,108.0000000000,111.5000000000,101.1200000000,105.0000000000,1911873,204269742.4600,1,11.545127,-2.867715
41,2010-12-31,sz.002371,105.9900000000,111.0000000000,94.5200000000,108.8000000000,2536133,260344325.7100,1,15.314813,3.619048
42,2011-01-07,sz.002371,108.8900000000,111.0000000000,102.0100000000,102.9200000000,1215231,129485055.5500,1,7.338351,-5.404412
43,2011-01-14,sz.002371,102.9000000000,104.8800000000,94.1100000000,94.2000000000,1243769,123659713.4700,1,7.510682,-8.472600
44,2011-01-21,sz.002371,94.0000000000,94.0000000000,78.0000000000,79.8000000000,2869781,239368274.9800,1,17.329595,-15.286624
45,2011-01-28,sz.002371,80.0100000000,83.8600000000,75.4400000000,83.4100000000,1478976,118324767.2200,1,8.931014,4.523810
46,2011-02-01,sz.002371,83.9000000000,87.4700000000,82.8000000000,86.0000000000,538246,45731597.2100,1,3.250278,3.105143
47,2011-02-11,sz.002371,85.8000000000,88.8000000000,84.6800000000,88.8000000000,467013,40698766.7000,1,2.820127,3.255814
48,2011-02-18,sz.002371,90.1000000000,100.4900000000,88.8000000000,98.8100000000,1661598,156569343.7100,1,10.033804,11.272523
49,2011-02-25,sz.002371,98.8100000000,109.0000000000,94.0400000000,94.2900000000,4566296,449921778.2600,1,27.574251,-4.574436
50,2011-03-04,sz.002371,93.9900000000,95.9700000000,88.8800000000,91.3500000000,2473197,227848226.9500,1,14.934764,-3.118040
51,2011-03-11,sz.002371,91.9700000000,93.0000000000,86.6000000000,91.5100000000,2213243,198042990.1900,1,13.364994,0.175151
52,2011-03-18,sz.002371,92.0000000000,92.5000000000,85.2500000000,87.4200000000,1287026,114762692.9500,1,7.375929,-4.469457
53,2011-03-25,sz.002371,86.5800000000,95.5800000000,86.2000000000,95.0400000000,1972024,182109051.2200,1,10.622268,8.716541
54,2011-04-01,sz.002371,94.8000000000,95.2800000000,85.0000000000,85.8100000000,1297525,117365462.2200,1,6.989092,-9.711700
55,2011-04-08,sz.002371,85.8100000000,87.3000000000,84.5000000000,86.8700000000,420704,35939003.3700,1,2.266114,1.235287
56,2011-04-15,sz.002371,86.5800000000,87.6700000000,81.0000000000,85.3600000000,1060237,89436197.9800,1,5.710945,-1.738230
57,2011-04-22,sz.002371,85.3500000000,85.6000000000,82.7600000000,84.6700000000,730399,61548761.6100,1,3.934280,-0.808341
58,2011-04-29,sz.002371,84.6000000000,84.6000000000,77.0500000000,79.7700000000,960589,78325878.2100,1,5.174193,-5.787174
59,2011-05-06,sz.002371,81.4500000000,83.4600000000,80.0000000000,81.0300000000,661230,53700013.0800,1,3.561702,1.579541
60,2011-05-13,sz.002371,81.1800000000,87.2300000000,76.5000000000,78.0000000000,2627064,213487770.0900,1,14.150628,-3.739356
61,2011-05-20,sz.002371,77.9900000000,79.2000000000,71.8800000000,72.3800000000,1140182,84973188.7300,1,6.141567,-7.205128
62,2011-05-27,sz.002371,72.0000000000,72.0200000000,65.0400000000,65.2500000000,964394,65916503.9300,1,5.194689,-9.850788
63,2011-06-03,sz.002371,64.6900000000,66.7900000000,63.8000000000,65.7000000000,690440,45372070.1700,1,3.719041,0.689655
64,2011-06-10,sz.002371,65.6000000000,69.0000000000,64.9200000000,65.1300000000,910243,60920010.6700,1,4.903006,-0.867580
65,2011-06-17,sz.002371,64.6000000000,65.7700000000,64.0000000000,64.8800000000,333446,21699953.9700,1,1.796100,-0.383848
66,2011-06-24,sz.002371,64.8000000000,66.4000000000,60.9900000000,65.7000000000,665641,42157450.8500,1,3.585462,1.263872
67,2011-07-01,sz.002371,65.5000000000,71.6006500000,65.0200000000,70.1165638000,976657,62391270.2900,1,4.928519,6.722306
68,2011-07-08,sz.002371,70.8195520000,78.7607150000,69.9993991000,77.5630314000,1846577,107355938.5100,1,7.589868,10.620126
69,2011-07-15,sz.002371,76.1830916000,81.0779724000,74.2043100000,80.1015999000,1540432,91213983.0000,1,6.331540,3.272910
70,2011-07-22,sz.002371,81.0909907000,82.1454730000,77.6671778000,79.6719960000,1067966,64880171.2000,1,4.389593,-0.536324
71,2011-07-29,sz.002371,79.7370875000,81.4685214000,72.1864735000,73.2669924000,1539435,89070379.5900,1,6.327442,-8.039216
72,2011-08-05,sz.002371,73.2539741000,75.6363230000,72.0042173000,73.8137610000,835791,47435239.7200,1,3.435299,0.746269
73,2011-08-12,sz.002371,72.9285166000,79.2163555000,66.6146411000,78.1748915000,1962388,111345805.7300,1,8.065879,5.908289
74,2011-08-19,sz.002371,78.8258065000,86.5716950000,77.0683360000,85.2698650000,3160799,202091824.6800,1,12.991632,9.075770
75,2011-08-26,sz.002371,85.0094990000,88.0818178000,82.7312965000,86.8711159000,2125954,140263536.1100,1,8.738174,1.877863
76,2011-09-02,sz.002371,86.3503839000,87.7433420000,78.1228183000,78.8778797000,1464825,93385237.2700,1,6.020777,-9.201259
77,2011-09-09,sz.002371,78.1228183000,81.3383384000,77.0162628000,79.1642823000,823490,50495410.1600,1,3.384739,0.363096
78,2011-09-16,sz.002371,76.9511713000,79.2554104000,76.5476040000,77.8494340000,576457,34481992.7400,1,2.369375,-1.660911
79,2011-09-23,sz.002371,77.8624523000,81.3904116000,76.1570550000,78.7737333000,741802,44823603.1500,1,3.048982,1.187291
80,2011-09-30,sz.002371,78.1098000000,78.7867516000,71.7308330000,75.5061400000,547267,31741000.5300,1,2.249397,-4.148075
81,2011-10-14,sz.002371,76.3002563000,77.7062327000,72.9675715000,76.1830916000,494646,28785724.7700,1,2.033112,0.896552
82,2011-10-21,sz.002371,76.1830916000,76.1830916000,68.9969900000,73.1758643000,252388,14208512.0200,1,1.037374,-3.947368
83,2011-10-28,sz.002371,71.6006500000,75.3759570000,67.5389404000,74.9854080000,881252,48437865.8800,1,3.622154,2.472870
84,2011-11-04,sz.002371,75.0504995000,80.0365084000,70.2988200000,76.6517504000,2672801,153324298.1600,1,10.985844,2.222222
85,2011-11-11,sz.002371,76.1570550000,76.8079700000,73.4101937000,74.5167492000,1276878,73227719.9200,1,5.248271,-2.785326
86,2011-11-18,sz.002371,74.6990054000,82.9656259000,74.6990054000,81.7549240000,2052298,125105113.4300,1,8.435430,9.713487
87,2011-11-25,sz.002371,80.4530940000,82.0022717000,77.4588850000,78.7607150000,1613038,98879763.2200,1,6.629968,-3.662420
88,2011-12-02,sz.002371,78.7346784000,79.9193437000,72.9024800000,74.1131819000,1239069,72946279.6700,1,5.092867,-5.900826
89,2011-12-09,sz.002371,72.9545532000,74.4646760000,70.4029664000,72.8894617000,565400,31757880.9700,1,2.323928,-1.651151
90,2011-12-16,sz.002371,72.8894617000,74.1782734000,66.8229339000,69.2313194000,598100,32081267.3400,1,2.458332,-5.018753
91,2011-12-23,sz.002371,69.2443377000,73.8788525000,66.4323849000,67.7211966000,882701,47496131.7400,1,3.628110,-2.181271
92,2011-12-30,sz.002371,67.6951600000,68.5804044000,59.1681735000,62.4878400000,946362,45803348.0100,1,3.889772,-7.727797
93,2012-01-06,sz.002371,63.6334504000,67.6951600000,60.0273813000,65.0394268000,1632722,81036906.3700,1,6.710874,4.083333
94,2012-01-13,sz.002371,64.8311340000,70.2988200000,64.4405850000,65.2607379000,2756582,143277038.3500,1,11.330204,0.340272
95,2012-01-20,sz.002371,64.2583288000,67.6821417000,60.0534179000,65.3258294000,1395583,68581997.1200,1,5.736176,0.099741
96,2012-02-03,sz.002371,65.2737562000,68.0596724000,62.5529315000,67.8774162000,1807134,91362780.0300,1,7.427748,3.905939
97,2012-02-10,sz.002371,68.0857090000,72.7202238000,67.9555260000,69.9863808000,4308795,232320768.1800,1,17.710167,3.107020
98,2012-02-17,sz.002371,68.9969900000,70.6633324000,67.6951600000,68.8017155000,3185770,169312656.0100,1,13.094268,-1.692708
99,2012-02-24,sz.002371,69.6479050000,72.5770225000,69.0100083000,71.7438513000,3384137,184535430.9000,1,13.909604,4.276254
100,2012-03-02,sz.002371,71.7438513000,74.4646760000,70.8846435000,71.1059546000,2622246,146947900.0500,1,10.778051,-0.889131
101,2012-03-09,sz.002371,72.8504068000,76.2221465000,72.4208029000,75.5712315000,3082205,176443811.2500,1,12.668592,6.279751
102,2012-03-16,sz.002371,75.2197374000,78.7607150000,68.7366240000,72.9675715000,4675905,265916238.9200,1,19.182375,-3.445306
103,2012-03-23,sz.002371,72.2645833000,74.8291884000,68.7496423000,69.5177220000,2539163,138715997.4000,1,10.314036,-4.727921
104,2012-03-30,sz.002371,69.6348867000,70.8846435000,61.0459200000,62.1024840000,2760659,84225486.2500,1,6.789780,-10.666687
105,2012-04-06,sz.002371,61.0928784000,70.2262872000,61.0928784000,68.6297016000,1907623,54192035.9300,1,4.304851,10.510397
106,2012-04-13,sz.002371,67.8314088000,69.0288480000,64.0512576000,68.9114520000,1986340,56454497.9600,1,4.482488,0.410537
107,2012-04-20,sz.002371,68.5592640000,71.7524352000,67.3853040000,70.6723920000,3351424,99926768.2900,1,7.563014,2.555366
108,2012-04-27,sz.002371,70.4376000000,72.0811440000,63.1590480000,65.5069680000,3523424,100718481.8700,1,7.951159,-7.308970
109,2012-05-04,sz.002371,66.9157200000,69.4749528000,65.5069680000,68.1601176000,1311584,38004827.7400,1,2.959795,4.050179
110,2012-05-11,sz.002371,68.1601176000,68.7940560000,63.8399448000,65.7417600000,1987037,56765836.1200,1,4.484061,-3.548054
111,2012-05-18,sz.002371,65.7417600000,66.2817816000,61.9850880000,63.2764440000,1202568,32639358.9200,1,2.713783,-3.750000
112,2012-05-25,sz.002371,62.8772976000,64.5678000000,59.9189184000,60.2945856000,1709857,45315867.0700,1,3.858561,-4.712430
113,2012-06-01,sz.002371,60.3885024000,62.9477352000,58.6980000000,61.9616088000,1650503,43102197.8000,1,3.724619,2.764798
114,2012-06-08,sz.002371,61.0459200000,62.6425056000,60.0597936000,61.4920248000,1352353,35081478.9200,1,3.051797,-0.757863
115,2012-06-15,sz.002371,61.4920248000,67.0800744000,61.4920248000,65.4365304000,2717632,75593481.5400,1,6.132763,6.414662
116,2012-06-21,sz.002371,66.3287400000,66.6809280000,63.9808200000,65.5069680000,1292787,36173611.5400,1,2.917377,0.107643
117,2012-06-29,sz.002371,65.0373840000,65.6008848000,60.1067520000,62.5955472000,1187247,31537643.2100,1,2.679209,-4.444444
118,2012-07-06,sz.002371,63.1120896000,67.4792208000,62.1494424000,66.8922408000,2070884,57876567.4500,1,4.636549,6.864216
119,2012-07-13,sz.002371,66.8922408000,69.9210576000,64.5678000000,68.4418680000,2264802,65739872.3900,1,5.070717,2.316602
120,2012-07-20,sz.002371,68.3244720000,68.3244720000,65.0373840000,66.0939480000,1619535,45915375.6800,1,3.626014,-3.430532
121,2012-07-27,sz.002371,66.1643856000,66.7513656000,62.4311928000,64.2390912000,958042,26384669.6400,1,2.144982,-2.806394
122,2012-08-03,sz.002371,63.6755904000,64.7791128000,62.1494424000,64.3095288000,444385,12086380.4900,1,0.994944,0.109649
123,2012-08-10,sz.002371,63.8399448000,69.2401608000,63.8399448000,68.8175352000,1399983,40253188.4900,1,3.134454,7.009858
124,2012-08-17,sz.002371,68.6766600000,72.1750608000,66.9626784000,70.1088912000,2230026,65944690.6900,1,4.992856,1.876493
125,2012-08-24,sz.002371,69.9680160000,72.0811440000,66.7513656000,68.0896800000,1629091,48490155.1200,1,3.647409,-2.880107
126,2012-08-31,sz.002371,67.1035536000,69.4749528000,65.3895720000,68.3244720000,1760426,50790312.4900,1,3.941458,0.344828
127,2012-09-07,sz.002371,68.7940560000,71.6115600000,68.3949096000,70.8367464000,2020939,60381278.9500,1,4.524726,3.676976
128,2012-09-14,sz.002371,70.8367464000,77.4813600000,70.2028080000,76.0491288000,4521482,141990285.2300,1,10.123249,7.358303
129,2012-09-21,sz.002371,75.3682320000,76.6595880000,68.5827432000,70.2967248000,3239345,98892322.2700,1,7.252643,-7.564063
130,2012-09-28,sz.002371,69.7567032000,71.6115600000,68.3714304000,71.3767680000,1164949,34677380.5100,1,2.608231,1.536406
131,2012-10-12,sz.002371,71.4002472000,71.9402688000,69.2636400000,69.6862656000,993030,29950851.5900,1,2.223317,-2.368421
132,2012-10-19,sz.002371,69.2636400000,72.0811440000,68.7940560000,71.0715384000,602834,18034138.2800,1,1.349699,1.987871
133,2012-10-26,sz.002371,70.7897880000,71.3767680000,67.3618248000,67.3618248000,627425,18619793.5500,1,1.404756,-5.219689
134,2012-11-02,sz.002371,68.7940560000,68.7940560000,65.8826352000,68.0427216000,726804,20809498.8800,1,1.627258,1.010805
135,2012-11-09,sz.002371,67.6200960000,68.1835968000,65.7417600000,66.6339696000,686498,19462441.2000,1,1.537016,-2.070393
136,2012-11-16,sz.002371,66.3522192000,67.1270328000,63.4642776000,65.7417600000,533875,14947500.6900,1,1.195305,-1.338971
137,2012-11-23,sz.002371,65.0373840000,66.6339696000,61.0928784000,65.1547800000,392542,10954357.5800,1,0.878871,-0.892857
138,2012-11-30,sz.002371,64.5678000000,65.2721760000,54.1430352000,56.6318304000,982973,24647701.5400,1,2.200801,-13.081081
139,2012-12-07,sz.002371,57.9936240000,62.9242560000,56.3500800000,62.4546720000,2166818,53865961.8000,1,4.851338,10.281924
140,2012-12-14,sz.002371,63.7695072000,65.6243640000,61.2807120000,65.6243640000,1499597,40178995.4000,1,3.357482,5.075188
141,2012-12-21,sz.002371,66.5635320000,67.8314088000,64.4504040000,67.8314088000,896911,25338154.8600,1,2.008114,3.363148
142,2012-12-28,sz.002371,67.1739912000,74.1942720000,67.1739912000,73.7481672000,4591630,138671602.4200,1,10.280305,8.722741
143,2013-01-04,sz.002371,74.1473136000,77.1996096000,72.9029160000,74.7108144000,2396470,76700144.5200,1,5.365511,1.305317
144,2013-01-11,sz.002371,74.7108144000,76.8943800000,71.3767680000,76.8474216000,3904792,122986232.7900,1,8.742527,2.859837
145,2013-01-18,sz.002371,77.1996096000,81.4728240000,74.8986480000,78.1622568000,3676306,122402635.0400,1,8.230965,1.710969
146,2013-01-25,sz.002371,78.1622568000,80.4866976000,75.3682320000,79.1249040000,2364956,78884360.3900,1,5.294954,1.231601
147,2013-02-01,sz.002371,80.0640720000,84.6425160000,77.1996096000,84.0790152000,3896327,134173220.5600,1,8.723575,6.261128
148,2013-02-08,sz.002371,82.8815760000,89.2209600000,82.8815760000,87.2017488000,2816500,103285708.8900,1,6.305926,3.714046
149,2013-02-22,sz.002371,88.0704792000,88.1174376000,81.2145528000,82.1067624000,2349964,83374874.3100,1,5.261388,-5.842757
150,2013-03-01,sz.002371,82.1067624000,84.4077240000,80.3223432000,84.0555360000,2150911,74942488.3400,1,4.815723,2.373463
151,2013-03-08,sz.002371,84.4077240000,86.0982264000,80.7684480000,84.5955576000,1977698,70587633.8900,1,4.427913,0.642458
152,2013-03-15,sz.002371,83.7268272000,84.3372864000,77.9039856000,79.6884048000,1006687,34488006.0300,1,2.253894,-5.800722
153,2013-03-22,sz.002371,78.7727160000,89.2209600000,77.0117760000,88.8687720000,6573461,199213792.0000,1,4.723118,11.520330
154,2013-03-29,sz.002371,87.8122080000,89.5496688000,85.4877672000,89.4087936000,2277697,84859586.0000,1,1.636555,0.607662
155,2013-04-03,sz.002371,88.9157304000,88.9157304000,82.5763464000,83.5624728000,1069041,38787450.0000,1,0.768120,-6.538866
156,2013-04-12,sz.002371,83.5389936000,86.5208520000,79.1249040000,81.6371784000,1746527,61241474.0000,1,1.254903,-2.304018
157,2013-04-19,sz.002371,81.7076160000,82.7641800000,77.0117760000,81.8954496000,2446387,82393332.0000,1,1.757761,0.316365
158,2013-04-26,sz.002371,81.1675944000,85.9338720000,80.2988640000,84.7129536000,2626762,93001415.0000,1,1.887363,3.440367
159,2013-05-03,sz.002371,84.7599120000,85.6286424000,84.0790152000,85.3468920000,696161,9134331.0000,1,0.500201,0.748337
160,2013-05-10,sz.002371,84.6659952000,97.9782663000,84.6659952000,96.7541265000,9050491,262944446.0000,1,4.994884,13.365731
161,2013-05-17,sz.002371,95.6712336000,100.8973689000,93.1287894000,97.6957725000,13078841,270795912.0000,1,4.698659,0.973236
162,2013-05-24,sz.002371,96.0949743000,102.1685910000,95.5770690000,101.1798627000,8542106,180625432.0000,1,3.068808,3.566265
163,2013-05-31,sz.002371,101.4623565000,101.9331795000,95.5770690000,99.5790645000,8558631,180283684.0000,1,3.074744,-1.582131
164,2013-06-07,sz.002371,99.4378176000,99.5790645000,89.8330284000,92.2813080000,6937934,138212622.0000,1,2.492498,-7.328605
165,2013-06-14,sz.002371,90.7275921000,91.5750735000,87.1022550000,90.6334275000,1295423,24515352.0000,1,0.465389,-1.785714
166,2013-06-21,sz.002371,93.1758717000,93.1758717000,84.7481400000,89.4563700000,4028497,76767041.0000,1,1.447264,-1.298701
167,2013-06-28,sz.002371,89.1267939000,93.2229540000,83.8064940000,92.7521310000,8542027,162066622.0000,1,3.068779,3.684211
168,2013-07-05,sz.002371,92.2813080000,95.2945752000,90.1626045000,90.3038514000,3156921,62099088.0000,1,1.134145,-2.639594
169,2013-07-12,sz.002371,89.5034523000,91.9517319000,82.7236011000,89.9271930000,3492288,65208503.0000,1,1.254627,-0.417101
170,2013-07-19,sz.002371,89.4563700000,92.0458965000,85.2189630000,87.2905842000,3127856,59293144.0000,1,1.123703,-2.931937
171,2013-07-26,sz.002371,86.4431028000,92.2813080000,85.5485391000,90.3980160000,3749747,70690671.0000,1,1.347121,3.559871
172,2013-08-02,sz.002371,91.0571682000,91.0571682000,81.8761197000,85.6897860000,3177314,57632512.0000,1,1.141471,-5.208333
173,2013-08-09,sz.002371,85.5014568000,96.5187150000,84.7481400000,93.0346248000,5892539,112334555.0000,1,2.116933,8.571429
174,2013-08-16,sz.002371,92.0929788000,96.2833035000,84.7481400000,86.1606090000,5442744,104756755.0000,1,1.955341,-7.388664
175,2013-08-23,sz.002371,85.6897860000,90.8688390000,84.7952223000,86.1135267000,3099348,57394657.0000,1,1.113461,-0.054645
176,2013-08-30,sz.002371,86.1135267000,86.9139258000,84.0419055000,84.2773170000,3079640,55804650.0000,1,1.106381,-2.132313
177,2013-09-06,sz.002371,84.2302347000,88.1380656000,83.8535763000,86.0664444000,4803835,88082529.0000,1,1.725809,2.122905
178,2013-09-13,sz.002371,86.1606090000,86.9610081000,80.6990622000,83.2885887000,6201017,109965492.0000,1,2.123233,-3.227571
179,2013-09-18,sz.002371,82.7706834000,82.7706834000,77.7799596000,79.4278401000,7952689,134309454.0000,1,2.436839,-4.635387
180,2013-09-27,sz.002371,79.6161693000,83.1473418000,79.6161693000,81.9232020000,14233609,245515779.0000,1,4.361420,3.141672
181,2013-09-30,sz.002371,82.2527781000,84.7481400000,82.2527781000,84.6068931000,1814253,32265907.0000,1,0.555918,3.275862
182,2013-10-11,sz.002371,84.3243993000,91.7634027000,83.8064940000,89.2209585000,8737392,164992905.0000,1,2.677286,5.453534
183,2013-10-18,sz.002371,88.8443001000,89.3622054000,83.3356710000,86.2547736000,6015548,110595506.0000,1,1.843266,-3.324538
184,2013-10-25,sz.002371,85.9251975000,95.1062460000,85.3602099000,92.2813080000,15528136,298548200.0000,1,4.758085,6.986900
185,2013-11-01,sz.002371,89.4092877000,93.1287894000,86.6314320000,87.9968187000,6598036,124492391.0000,1,2.021751,-4.642857
186,2013-11-08,sz.002371,87.9968187000,88.1851479000,81.4994613000,81.8761197000,4022564,72427702.0000,1,1.232582,-6.955591
187,2013-11-15,sz.002371,81.9232020000,88.2322302000,79.6161693000,87.5730780000,6027811,107659655.0000,1,1.847024,6.958022
188,2013-11-22,sz.002371,87.1964196000,88.9855470000,84.3243993000,84.4185639000,6834161,126828442.0000,1,2.094103,-3.602151
189,2013-11-29,sz.002371,84.1831524000,107.7243024000,83.7594117000,106.8768210000,41832123,875830492.0000,1,12.818075,26.603458
190,2013-12-06,sz.002371,103.5810600000,112.8562731000,96.1891389000,97.8370194000,23809721,515054302.0000,1,7.295704,-8.458150
191,2013-12-13,sz.002371,98.6845008000,100.7561220000,96.5187150000,99.1553238000,10769799,225051293.0000,1,3.300050,1.347449
192,2013-12-20,sz.002371,98.8257477000,101.2269450000,92.7992133000,97.9311840000,16037858,330219561.0000,1,4.914273,-1.234568
193,2013-12-27,sz.002371,97.4603610000,110.3609112000,93.5054478000,107.9126316000,19918394,432044881.0000,1,6.103335,10.192308
194,2014-01-03,sz.002371,107.4418086000,107.8184670000,100.5677928000,101.2269450000,9769651,215204513.0000,1,2.993587,-6.195462
195,2014-01-10,sz.002371,101.2269450000,103.0160724000,94.1646000000,95.1533283000,7882837,164310244.0000,1,2.415436,-6.000000
196,2014-01-17,sz.002371,95.1062460000,101.4623565000,91.8104850000,97.9311840000,8430460,172909877.0000,1,2.583237,2.919347
197,2014-01-24,sz.002371,97.8370194000,106.8768210000,94.5883407000,105.5585166000,11313360,244260638.0000,1,3.466606,7.788462
198,2014-01-30,sz.002371,105.0406113000,112.7621085000,102.5923317000,107.8184670000,10290200,236152739.0000,1,3.153093,2.140946
199,2014-02-07,sz.002371,106.0293396000,108.5247015000,104.6168706000,106.8768210000,2520711,57232837.0000,1,0.772389,-0.873362
200,2014-02-14,sz.002371,107.0180679000,121.4723340000,107.0180679000,118.1294907000,23021172,569027936.0000,1,7.054079,10.528634
201,2014-02-21,sz.002371,118.0353261000,125.8039056000,116.2461987000,120.5306880000,17111063,439870888.0000,1,5.243121,2.032682
202,2014-02-28,sz.002371,118.6473960000,118.6473960000,100.3323813000,104.1931299000,17440283,401819073.0000,1,5.344000,-13.554688
203,2014-03-07,sz.002371,104.9464467000,110.9258988000,103.8635538000,104.5697883000,9106307,206407958.0000,1,2.790328,0.361500
204,2014-03-14,sz.002371,103.5810600000,103.5810600000,93.9291885000,95.8124805000,8942280,185346639.0000,1,2.740067,-8.374606
205,2014-03-21,sz.002371,95.7653982000,97.9311840000,85.3602099000,89.4563700000,21051604,412568004.0000,1,6.325327,-6.633907
206,2014-03-28,sz.002371,89.6917815000,91.2454974000,80.5578153000,84.7481400000,16968893,314458340.0000,1,5.098604,-5.263158
207,2014-04-04,sz.002371,84.1360701000,94.0704354000,83.1002595000,93.2700363000,21917402,422903864.0000,1,6.585472,10.055556
208,2014-04-11,sz.002371,93.2229540000,95.2474929000,91.8575673000,92.7521310000,7395646,146721276.0000,1,2.222153,-0.555275
209,2014-04-18,sz.002371,92.8462956000,100.2852990000,92.0458965000,97.8370194000,14400607,295652848.0000,1,4.326917,5.482234
210,2014-04-25,sz.002371,97.4603610000,99.8144760000,92.0458965000,94.3529292000,10359375,208254218.0000,1,3.112658,-3.561116
211,2014-04-30,sz.002371,93.2700363000,94.3529292000,89.4563700000,93.0817071000,3151828,61809588.0000,1,0.947023,-1.347305
212,2014-05-09,sz.002371,92.5167195000,93.5525301000,85.5014568000,87.8084895000,8064388,153138212.0000,1,2.423088,-5.665149
213,2014-05-16,sz.002371,87.7143249000,89.4563700000,82.7706834000,85.1247984000,8758970,161101296.0000,1,2.631788,-3.056300
214,2014-05-23,sz.002371,85.2189630000,86.7255966000,81.6877905000,86.2547736000,7460428,134311233.0000,1,2.241618,1.327434
215,2014-05-30,sz.002371,86.1606090000,93.1758717000,84.8893869000,91.8575673000,13021019,247177274.0000,1,3.912396,6.495633
216,2014-06-06,sz.002371,91.7634027000,92.5167195000,83.8535763000,85.7839506000,10066370,186098492.0000,1,3.024619,-6.611994
217,2014-06-13,sz.002371,85.2660453000,86.9139258000,84.5127285000,86.6785143000,6291428,114555747.0000,1,1.890371,1.042810
218,2014-06-20,sz.002371,87.1022550000,90.3980160000,84.4185639000,85.9251975000,7007518,130588036.0000,1,2.105533,-0.869093
219,2014-06-27,sz.002371,85.9251975000,92.7521310000,84.8893869000,91.3396620000,14543159,277083840.0000,1,4.369750,6.301370
220,2014-07-04,sz.002371,91.5750735000,96.2976041500,91.1513328000,94.7833420700,14586763,290599504.0000,1,4.382851,3.770194
221,2014-07-11,sz.002371,95.0672662100,98.0957903700,92.7958730900,94.2154937900,13212017,264967664.0000,1,3.969785,-0.599101
222,2014-07-18,sz.002371,93.6949662000,104.1055180000,93.6949662000,101.0296731500,14538013,305851928.0000,1,4.368204,7.232546
223,2014-07-25,sz.002371,101.1716352200,103.5849904100,93.1271179200,95.1145869000,13623014,283058880.0000,1,4.093276,-5.854801
224,2014-08-01,sz.002371,95.9190386300,100.7930697000,92.2753455000,99.3734490000,14959979,305911732.0000,1,4.494991,4.477612
225,2014-08-08,sz.002371,99.3734490000,104.0581973100,98.6636386500,100.9350317700,11195980,239795332.0000,1,3.364031,1.571429
226,2014-08-15,sz.002371,100.9350317700,107.1813628500,100.3671834900,104.7206869700,11119452,245424152.0000,1,3.341036,3.750586
227,2014-08-22,sz.002371,104.7206869700,110.9196973600,103.1591042000,110.3518490800,15188992,346668352.0000,1,4.563802,5.377316
228,2014-08-29,sz.002371,110.0679249400,111.0616594300,104.5787249000,106.9447594000,9085013,205200908.0000,1,2.729753,-3.087479
229,2014-09-05,sz.002371,106.9447594000,113.5696560000,106.9447594000,113.0491284100,12355028,285628404.0000,1,3.712287,5.707965
230,2014-09-12,sz.002371,112.7178835800,112.7178835800,109.0741904500,112.3866387500,7604377,178725536.0000,1,2.284870,-0.586019
231,2014-09-19,sz.002371,112.1973559900,112.8598456500,102.2126904000,107.0867214700,14653557,332503510.0000,1,4.402921,-4.715789
232,2014-09-26,sz.002371,107.6545697500,118.0651215500,105.1465731800,114.8473146300,18432142,439622124.0000,1,5.538264,7.247017
233,2014-09-30,sz.002371,115.0365973900,119.6740250100,114.9892767000,118.4910077600,4439679,110451904.0000,1,1.333980,3.172641
234,2014-10-10,sz.002371,118.3017250000,122.0873802000,115.9830111900,117.3553112000,9605567,240565804.0000,1,2.886163,-0.958466
235,2014-10-17,sz.002371,117.4499525800,120.5731181200,113.0964491000,119.1534974200,17604475,434507688.0000,1,5.289576,1.532258
236,2014-10-24,sz.002371,119.1534974200,122.0400595100,113.6642973800,118.1597629300,10801681,268929480.0000,1,3.245556,-0.833995
237,2014-10-31,sz.002371,118.1597629300,126.3462423000,115.7937284300,120.9516836400,12770364,328389668.0000,1,3.837082,2.362835
238,2014-11-07,sz.002371,121.0463250200,126.4882043700,119.8633077700,121.9454181300,9302420,241656976.0000,1,2.795077,0.821596
239,2014-11-14,sz.002371,122.1347008900,123.3177181400,114.6107111800,115.8883698100,8813309,220386102.0000,1,2.648115,-4.967016
240,2014-11-21,sz.002371,115.9356905000,121.0463250200,115.4151629100,119.7686663900,8137666,204379412.0000,1,2.445106,3.348305
241,2014-11-28,sz.002371,119.7686663900,125.2105457400,118.3017250000,124.2168112500,11280630,290128216.0000,1,3.389465,3.713947
242,2014-12-05,sz.002371,124.0748491800,126.4882043700,117.7338767200,122.3239836500,13511621,346376308.0000,1,4.059806,-1.523810
243,2014-12-12,sz.002371,122.4659457200,130.5577837100,113.8535801400,130.5577837100,14499327,372349156.0000,1,4.356580,6.731141
244,2014-12-19,sz.002371,132.4506113100,143.6182941500,130.1318975000,132.8291768300,16120585,462468396.0000,1,4.843715,1.739761
245,2014-12-26,sz.002371,132.5452526900,132.5452526900,124.6900181500,131.8354423400,13651868,366867574.0000,1,4.101946,-0.748130
246,2015-01-09,sz.002371,132.5452526900,133.3023837300,115.2732008400,117.4499525800,13650978,340989856.0000,1,4.101678,-4.904215
247,2015-01-16,sz.002371,117.4972732700,117.7338767200,108.6483042400,112.3866387500,11594944,275081018.0000,1,3.483906,-4.311039
248,2015-01-23,sz.002371,109.4054352800,120.5731181200,109.3581145900,117.4972732700,11060384,270703044.0000,1,3.323288,4.547368
249,2015-01-30,sz.002371,117.4972732700,125.4471491900,115.6990870500,121.5195319200,16038225,409525940.0000,1,4.818969,3.423278
250,2015-02-06,sz.002371,120.1945526000,121.1409664000,114.5633904900,116.3615767100,8484232,208729356.0000,1,2.549238,-4.244548
251,2015-02-13,sz.002371,116.3615767100,126.8194492000,114.7526732500,126.4408836800,12121730,311121918.0000,1,3.642189,8.662058
252,2015-02-17,sz.002371,126.4408836800,139.0755079100,126.3462423000,134.5327216700,20299793,586223712.0000,1,6.099432,6.399701
253,2015-02-27,sz.002371,134.5800423600,137.7032079000,130.0845768100,130.1318975000,8956527,252888424.0000,1,2.691147,-3.271192
254,2015-03-06,sz.002371,132.9711389000,144.4227458800,131.0783113000,133.1604216600,23169543,675029032.0000,1,6.961700,2.327273
255,2015-03-13,sz.002371,133.2077423500,141.8201079300,128.9488802500,134.6273630500,15045698,425570212.0000,1,4.520746,1.101635
256,2015-03-20,sz.002371,134.6273630500,143.3816907000,132.4979320000,139.2647906700,25516954,747033488.0000,1,7.580163,3.444640
257,2015-03-27,sz.002371,139.1228286000,147.4039493500,136.5675113400,146.2209321000,40830258,1221376640.0000,1,12.099889,4.994903
258,2015-04-03,sz.002371,146.4575355500,150.2431907500,141.4888631000,148.4923252200,37135568,1140712832.0000,1,11.004982,1.553398
259,2015-04-10,sz.002371,149.4387390200,158.8082356400,142.5299182800,149.2021355700,23083063,731709360.0000,1,6.840577,0.478011
260,2015-04-17,sz.002371,151.0003217900,152.8931493900,136.3782285800,142.2933148300,23247444,714681808.0000,1,6.889290,-4.630511
261,2015-04-24,sz.002371,140.5424493000,150.8583597200,137.2300010000,150.1012286800,29359290,904257024.0000,1,8.700512,5.487197
262,2015-04-30,sz.002371,150.3851528200,176.1749288700,148.6342872900,173.0517633300,34581650,1167204192.0000,1,10.248139,15.290038
263,2015-05-08,sz.002371,172.9571219500,177.3579461200,156.1582770000,168.2250529500,23228751,821079040.0000,1,6.883751,-2.789171
264,2015-05-15,sz.002371,168.5562977800,183.3676737500,165.6697356900,174.1401392000,25091454,926579520.0000,1,7.435756,3.516174
265,2015-05-22,sz.002371,172.7205185000,216.1609119200,171.8214253900,210.8136739500,31384887,1284800576.0000,1,9.300790,21.059783
266,2015-05-29,sz.002371,208.4476394500,244.0327983300,203.5262876900,228.5589327000,36195875,1751901920.0000,1,10.726508,8.417508
267,2015-06-05,sz.002371,228.5589327000,278.6242227200,226.6661051000,268.2609916100,39582946,2155306470.0000,1,11.730253,17.370600
268,2015-06-12,sz.002371,265.4690709000,285.3437607000,248.4336225000,282.0313124000,22246619,1252135024.0000,1,6.592700,5.133180
269,2015-06-19,sz.002371,285.3437607000,285.3437607000,217.7698153800,227.8491223500,26235137,1368916384.0000,1,7.774682,-19.211409
270,2015-06-26,sz.002371,227.8491223500,232.9597568700,190.7970220800,190.7970220800,14009442,633701216.0000,1,4.151644,-16.261682
271,2015-07-03,sz.002371,194.0148290000,196.1442600500,131.0783113000,131.0783113000,30435988,1006029144.0000,1,9.019588,-31.299603
272,2015-07-10,sz.002371,137.7505285900,143.8548976000,95.5877938000,127.6712216200,65820151,1497369202.0000,1,19.505548,-2.599278
273,2015-07-17,sz.002371,137.2300010000,152.4672631800,118.0651215500,141.1102975800,38838308,1133546704.0000,1,11.509583,10.526316
274,2015-07-24,sz.002371,141.0156562000,167.9884495000,132.9711389000,154.2654494000,32057099,1008818784.0000,1,9.499998,9.322602
275,2015-07-31,sz.002371,151.0003217900,158.4769908100,124.9739422900,137.7032079000,25343253,736883656.0000,1,7.510375,-10.736196
276,2015-08-07,sz.002371,136.2362665100,144.7066700200,117.5445939600,137.1353596200,18005452,514265152.0000,1,5.335846,-0.412371
277,2015-08-14,sz.002371,137.4666044500,163.2563805000,137.4666044500,159.2814425400,22584710,733430424.0000,1,6.692892,16.149068
278,2015-08-21,sz.002371,156.6314839000,170.9696529700,133.3497044200,144.8013114000,24830846,809087088.0000,1,7.358525,-9.090909
279,2015-08-28,sz.002371,137.2300010000,137.2300010000,97.0547351900,119.7213457000,17930655,425397844.0000,1,5.313680,-17.320261
280,2015-09-02,sz.002371,118.3017250000,118.3017250000,90.0985937600,90.0985937600,10003075,213725716.0000,1,2.964373,-24.743083
281,2015-09-11,sz.002371,92.2753455000,102.4492938500,85.8870523500,98.9002421000,17368332,352961592.0000,1,5.147038,9.768908
282,2015-09-18,sz.002371,100.1305800400,100.1779007300,79.4987592000,87.3066730500,16856586,308094768.0000,1,4.995384,-11.722488
283,2015-09-25,sz.002371,86.5022213200,96.2029627700,85.1772420000,88.7736144400,18029629,350698180.0000,1,5.343011,1.680217
284,2015-09-30,sz.002371,88.4423696100,92.2753455000,87.5905971900,91.2342903200,5389452,103023720.0000,1,1.597143,2.771855
285,2015-10-09,sz.002371,91.2342903200,91.2342903200,91.2342903200,91.2342903200,0,0.0000,1,0.000000,0.000000
286,2015-10-16,sz.002371,91.2342903200,91.2342903200,91.2342903200,91.2342903200,0,0.0000,1,0.000000,0.000000
287,2015-10-23,sz.002371,91.2342903200,91.2342903200,91.2342903200,91.2342903200,0,0.0000,1,0.000000,0.000000
288,2015-10-30,sz.002371,91.2342903200,91.2342903200,91.2342903200,91.2342903200,0,0.0000,1,0.000000,0.000000
289,2015-11-06,sz.002371,91.2342903200,91.2342903200,91.2342903200,91.2342903200,0,0.0000,1,0.000000,0.000000
290,2015-11-13,sz.002371,91.2342903200,91.2342903200,91.2342903200,91.2342903200,0,0.0000,1,0.000000,0.000000
291,2015-11-20,sz.002371,91.2342903200,91.2342903200,91.2342903200,91.2342903200,0,0.0000,1,0.000000,0.000000
292,2015-11-27,sz.002371,91.2342903200,91.2342903200,91.2342903200,91.2342903200,0,0.0000,1,0.000000,0.000000
293,2015-12-04,sz.002371,91.2342903200,91.2342903200,91.2342903200,91.2342903200,0,0.0000,1,0.000000,0.000000
294,2015-12-11,sz.002371,91.2342903200,91.2342903200,91.2342903200,91.2342903200,0,0.0000,1,0.000000,0.000000
295,2015-12-18,sz.002371,91.2342903200,91.2342903200,91.2342903200,91.2342903200,0,0.0000,1,0.000000,0.000000
296,2015-12-25,sz.002371,91.2342903200,91.2342903200,91.2342903200,91.2342903200,0,0.0000,1,0.000000,0.000000
297,2015-12-31,sz.002371,91.2342903200,91.2342903200,91.2342903200,91.2342903200,0,0.0000,1,0.000000,0.000000
298,2016-01-08,sz.002371,91.2342903200,91.2342903200,91.2342903200,91.2342903200,0,0.0000,1,0.000000,0.000000
299,2016-01-15,sz.002371,100.3671834900,121.4248905400,95.5877938000,116.7401422300,58599931,1370383148.0000,1,17.375708,27.956432
300,2016-01-22,sz.002371,114.2794663500,138.5549803200,113.0964491000,122.4186250300,76501212,2057357564.0000,1,22.683690,4.864208
301,2016-01-29,sz.002371,120.9516836400,145.2745183000,120.7624008800,131.0783113000,77024055,2167411136.0000,1,22.838721,7.073831
302,2016-02-05,sz.002371,127.9078250700,134.1068354600,111.2509421900,127.5292595500,53884554,1425229360.0000,1,15.977532,-2.707581
303,2016-02-19,sz.002371,120.6677595000,150.8110390300,120.6677595000,141.7727872400,56843036,1660806992.0000,1,16.854763,11.168831
304,2016-02-26,sz.002371,145.7477252000,149.5333804000,110.3045283900,117.7811974100,47772051,1337013296.0000,1,14.165088,-16.922563
305,2016-03-04,sz.002371,117.7338767200,118.8695732800,96.1083213900,100.5091455600,45216409,1028184976.0000,1,13.407304,-14.664524
306,2016-03-11,sz.002371,100.0832593500,105.7144214600,94.6887006900,99.1841662400,22380202,475728176.0000,1,6.636046,-1.318267
307,2016-03-18,sz.002371,101.0296731500,118.7749319000,100.3198628000,116.1722939500,56039481,1306613086.0000,1,16.521268,17.127863
308,2016-03-25,sz.002371,115.4624836000,136.0469837500,114.5160698000,126.3462423000,70942218,1890917604.0000,1,20.851193,8.757637
309,2016-04-01,sz.002371,127.7658630000,133.9175527000,117.0240663700,124.5480560800,46500766,1230725264.0000,1,13.667411,-1.423221
310,2016-04-08,sz.002371,124.7373388400,129.4694078400,114.9892767000,118.2070836200,30404603,799078368.0000,1,8.936459,-5.091185
311,2016-04-15,sz.002371,118.9642146600,130.6997457800,116.8821043000,126.9614112700,42605587,1107765384.0000,1,12.522548,7.405925
312,2016-04-22,sz.002371,126.2989216100,126.2989216100,102.0707283300,107.0867214700,39015058,938149216.0000,1,11.467227,-15.654119
313,2016-04-29,sz.002371,106.7081559500,109.6420387300,104.0108766200,107.5599283700,19465736,441744660.0000,1,5.721330,0.441891
314,2016-05-06,sz.002371,106.5661938800,124.5953767700,106.5661938800,115.3678422200,46637132,1163498104.0000,1,13.707491,7.259129
315,2016-05-13,sz.002371,113.0018077200,113.5696560000,107.6545697500,107.7492111300,18191666,425022368.0000,1,5.346858,-6.603774
316,2016-05-20,sz.002371,107.7492111300,112.5759215100,97.2440179500,109.9259628700,12481211,283530936.0000,1,3.668452,2.020202
317,2016-05-27,sz.002371,109.3581145900,126.8194492000,108.9795490700,123.7436043500,57471960,1446712496.0000,1,16.892042,12.569953
318,2016-06-03,sz.002371,125.3998285000,157.7198597700,123.3177181400,151.0476424800,121314349,3724285636.0000,1,35.656468,22.065010
319,2016-06-08,sz.002371,151.1896045500,157.1993321800,148.2084010800,157.0573701100,39745873,1280308416.0000,1,11.682026,3.978697
320,2016-06-17,sz.002371,152.8458287000,179.7713013100,136.3782285800,174.4713840300,91915153,3082125446.0000,1,27.015516,11.087677
321,2016-06-24,sz.002371,174.1401392000,203.4864975600,170.6857288300,203.4864975600,77357515,3091380684.0000,1,22.736764,16.630311
322,2016-07-01,sz.002371,213.0996600000,217.8352080000,187.7171227200,193.2103584000,85222310,3644449530.0000,1,25.052863,-5.050035
323,2016-07-08,sz.002371,191.7896940000,210.0215538000,189.4692754800,199.4612817600,98344355,4111456070.0000,1,28.921424,3.235294
324,2016-07-15,sz.002371,195.5781324000,197.9459064000,174.2681664000,176.1623856000,70807843,2751082684.0000,1,20.823398,-11.680912
325,2016-07-22,sz.002371,177.3462726000,195.0572221200,174.1734554400,180.3296678400,58686923,2271180036.0000,1,17.258839,2.365591
326,2016-07-29,sz.002371,178.0092493200,185.5861261200,162.3345854400,168.5855088000,53576297,1976035556.0000,1,15.755890,-6.512605
327,2016-08-05,sz.002371,165.7441800000,188.8536542400,160.5824326800,185.2072822800,51832754,1947192928.0000,1,15.235893,9.859551
328,2016-08-12,sz.002371,184.2128172000,189.2798535600,169.1537745600,174.6470102400,41402912,1584343008.0000,1,12.169060,-5.701867
329,2016-08-19,sz.002371,175.1679205200,190.7478734400,171.8056814400,179.1931363200,50175248,1947421856.0000,1,14.747407,2.603037
330,2016-08-26,sz.002371,179.9981794800,212.1525504000,178.5301596000,205.3333612800,69382614,2825216976.0000,1,42.429599,14.587738
331,2016-09-02,sz.002371,202.2552550800,211.1580853200,185.2072822800,187.3382788800,52436569,2190578438.0000,1,32.066572,-8.763838
332,2016-09-09,sz.002371,189.4219200000,189.4219200000,178.1039602800,178.6722260400,37368658,1440345520.0000,1,22.852082,-4.625885
333,2016-09-14,sz.002371,174.2681664000,174.3155218800,162.0030970800,167.5910437200,22818804,805216448.0000,1,13.954399,-6.201961
334,2016-09-23,sz.002371,169.2958410000,173.0369239200,165.8862464400,168.8222862000,22278771,797022352.0000,1,13.624153,0.734671
335,2016-09-30,sz.002371,170.0061732000,170.0061732000,154.8997750800,162.9975621600,23255985,792744040.0000,1,14.221749,-3.450210
336,2016-10-14,sz.002371,165.6021135600,174.0313890000,163.8973162800,168.6328642800,21081486,755659160.0000,1,12.891976,3.457292
337,2016-10-21,sz.002371,169.5326184000,175.2152760000,163.8499608000,169.6746848400,29053196,1049703040.0000,1,17.766922,0.617804
338,2016-10-28,sz.002371,169.6746848400,172.3739472000,163.8499608000,163.8499608000,19419633,688791736.0000,1,11.875702,-3.432877
339,2016-11-04,sz.002371,162.4292964000,163.7552498400,159.0197018400,159.0197018400,19582113,666152088.0000,1,11.975063,-2.947977
340,2016-11-11,sz.002371,157.6937484000,168.5381533200,155.0891970000,163.7552498400,34580079,1195752272.0000,1,21.146780,2.977963
341,2016-11-18,sz.002371,164.2761601200,169.9114622400,161.1033429600,161.2454094000,24484908,858767600.0000,1,14.973273,-1.532678
342,2016-11-25,sz.002371,161.4821868000,163.6131834000,152.8634894400,156.6519278400,24941563,837901376.0000,1,15.252532,-2.848752
343,2016-12-02,sz.002371,157.4569710000,158.0252367600,143.8659482400,144.0080146800,24076804,765523192.0000,1,14.723705,-8.071342
344,2016-12-09,sz.002371,141.9717290400,144.4342140000,138.3253570800,141.8296626000,21279923,633851040.0000,1,13.013326,-1.512660
345,2016-12-16,sz.002371,141.8296626000,142.5399948000,119.9040753600,130.3696364400,33853774,911952016.0000,1,20.702622,-8.080134
346,2016-12-23,sz.002371,131.0326131600,131.0799686400,125.9655768000,128.0492179200,17822452,482167864.0000,1,10.898977,-1.779876
347,2016-12-30,sz.002371,127.1494638000,132.9741878400,124.3554904800,125.9655768000,19633523,532456192.0000,1,12.006502,-1.627219
348,2017-01-06,sz.002371,126.3444206400,134.5369186800,125.4920220000,132.5006330400,27272624,757347264.0000,1,16.678047,5.187970
349,2017-01-13,sz.002371,132.5479885200,138.2780016000,130.2275700000,133.0688988000,24319503,694061952.0000,1,14.872123,0.428878
350,2017-01-20,sz.002371,133.0688988000,133.0688988000,119.7620089200,128.1912843600,20572384,545230312.0000,1,12.580645,-3.665480
351,2017-01-26,sz.002371,128.5227727200,133.5424536000,127.0073973600,133.4950981200,15372937,421778592.0000,1,9.401023,4.137421
352,2017-02-03,sz.002371,133.2109652400,133.8265864800,131.6008789200,131.8376563200,2280862,63764052.0000,1,1.394817,-1.241575
353,2017-02-10,sz.002371,131.6008789200,135.2946063600,130.7011248000,131.7429453600,20679299,580166240.0000,1,12.646026,-0.071839
354,2017-02-17,sz.002371,130.5117028800,133.2583207200,125.3973110400,126.5811980400,16047634,439677688.0000,1,9.813621,-3.918045
355,2017-02-24,sz.002371,126.5811980400,142.9188386400,123.9766466400,136.6205598000,38511427,1087890768.0000,1,23.550920,7.931163
356,2017-03-03,sz.002371,136.3837824000,139.5092440800,132.5953440000,139.5092440800,31717223,910327520.0000,1,19.396056,2.114385
357,2017-03-10,sz.002371,141.1193304000,147.7964530800,139.8407324400,143.4871044000,42362130,1289241408.0000,1,25.905743,2.851324
358,2017-03-17,sz.002371,142.7767722000,157.8358148400,141.5928852000,147.8911640400,55698325,1758520112.0000,1,33.895936,3.069307
359,2017-03-24,sz.002371,145.3813236000,146.5178551200,139.9827988800,141.9243735600,32169886,975720112.0000,1,19.319357,-4.034582
360,2017-03-31,sz.002371,142.5873502800,149.1697620000,132.6426994800,134.9631180000,34381737,1031274704.0000,1,20.647665,-4.904905
361,2017-04-07,sz.002371,135.1998954000,140.5984201200,135.1998954000,138.5621344800,13695877,400114576.0000,1,8.224945,2.666667
362,2017-04-14,sz.002371,137.7097358400,138.2780016000,119.9040753600,129.1383939600,23168088,648106648.0000,1,13.913402,-6.801094
363,2017-04-21,sz.002371,127.8597960000,130.1802145200,114.8843944800,117.2995239600,16009467,416934584.0000,1,9.614352,-9.167583
364,2017-04-28,sz.002371,116.6839027200,121.0879623600,107.8757834400,118.3887000000,21519209,513476100.0000,1,12.923182,0.928543
365,2017-05-05,sz.002371,117.8204342400,121.0879623600,113.9372848800,114.1740622800,10895773,270341628.0000,1,6.543366,-3.560000
366,2017-05-12,sz.002371,115.9262150400,120.7564740000,108.9176040000,114.4581951600,20470096,494509981.0000,1,12.293145,0.248859
367,2017-05-19,sz.002371,114.6476170800,117.9151452000,109.0596704400,115.9262150400,18869726,457186542.0000,1,11.332057,1.282582
368,2017-05-26,sz.002371,116.0209260000,116.0209260000,102.6193251600,109.3911588000,18954687,431800827.0000,1,11.383079,-5.637255
369,2017-06-02,sz.002371,110.7644677200,112.7060424000,105.5080094400,110.4329793600,8959349,206422102.0000,1,5.380462,0.952381
370,2017-06-09,sz.002371,110.5750458000,129.2804604000,110.5750458000,122.6506932000,27107154,683805554.0000,1,16.278975,11.063465
371,2017-06-16,sz.002371,122.2244938800,124.2607795200,117.2511726400,119.5734472800,15538302,396086370.0000,1,9.331398,-2.508942
372,2017-06-23,sz.002371,119.6208406400,122.1326887200,109.0047280000,112.5592300000,12895357,319322606.0000,1,7.744199,-5.866033
373,2017-06-30,sz.002371,112.4644432800,116.7772390400,111.9905096800,113.3649171200,10967124,263332413.0000,1,6.586215,0.715789
374,2017-07-07,sz.002371,113.5544905600,120.6161012000,113.2227370400,120.3791344000,17475115,430203868.0000,1,10.494535,6.187291
375,2017-07-14,sz.002371,120.3791344000,121.4691816800,111.5165760800,112.9857702400,15335371,376301463.0000,1,9.209529,-6.141732
376,2017-07-21,sz.002371,112.1800831200,112.9857702400,103.3175248000,107.4407471200,16957888,386957986.0000,1,10.183918,-4.907718
377,2017-07-28,sz.002371,108.0568608000,113.1279503200,105.3554392800,108.7677612000,19515512,446361198.0000,1,11.719878,1.235112
378,2017-08-04,sz.002371,109.0047280000,113.7440640000,106.6350600000,108.0568608000,18328269,427007674.0000,1,11.006889,-0.653595
379,2017-08-11,sz.002371,108.0568608000,111.2796092800,106.7298467200,108.0568608000,12943943,297153742.0000,1,7.773377,0.000000
380,2017-08-18,sz.002371,107.9146807200,115.4502249600,107.5829272000,111.9431163200,16466545,391352474.0000,1,9.888846,3.596491
381,2017-08-25,sz.002371,112.2274764800,113.6966706400,109.0047280000,111.6113628000,10118881,237701479.0000,1,4.253443,-0.296359
382,2017-09-01,sz.002371,111.1374292000,120.8530680000,111.1374292000,120.0473808800,21389166,525800888.0000,1,6.108434,7.558386
383,2017-09-08,sz.002371,119.9999875200,134.5971424000,119.0521203200,126.7772380000,43390555,1174005270.0000,1,12.391710,5.606001
384,2017-09-15,sz.002371,126.4454844800,140.2843456000,126.4454844800,135.3080428000,36385361,1029476419.4200,1,10.391129,6.728972
385,2017-09-22,sz.002371,136.3980900800,149.2890840000,133.9336353600,135.0236826400,51237801,1526190005.3800,1,14.632769,-0.210158
386,2017-09-29,sz.002371,136.0189432000,142.9857671200,133.1753416000,141.3743928800,30316136,883628698.8600,1,8.657846,4.703405
387,2017-10-13,sz.002371,142.2274733600,147.2985628800,133.1753416000,142.1326866400,33296283,981802768.2800,1,9.508933,0.536373
388,2017-10-20,sz.002371,142.4170468000,145.3080417600,135.8293697600,142.5118335200,23345793,694222120.7500,1,6.667218,0.266756
389,2017-10-27,sz.002371,144.5497480000,154.5971403200,142.0852932800,151.9431121600,35431730,1107003744.6400,1,10.118785,6.617892
390,2017-11-03,sz.002371,151.6587520000,185.7345778400,146.0189421600,181.7061422400,67845773,2402683141.0100,1,19.375764,19.588272
391,2017-11-10,sz.002371,185.0710708000,203.7440546400,178.5307871200,199.2890788000,108211530,4303061635.1800,1,30.903635,9.676578
392,2017-11-17,sz.002371,199.0521120000,227.2037678400,186.7298384000,189.5734400000,129581312,5724917959.1600,1,37.006533,-4.875149
393,2017-11-24,sz.002371,186.3032981600,211.4691723200,183.0805496800,183.0805496800,111747580,4705530980.2000,1,31.913479,-3.425000
394,2017-12-01,sz.002371,177.9620668000,184.2653836800,162.8435849600,174.7867116800,72355662,2646833837.5800,1,20.663722,-4.530158
395,2017-12-08,sz.002371,174.3127780800,189.5734400000,163.0331584000,183.3175164800,74599753,2792355541.1900,1,21.304602,4.880694
396,2017-12-15,sz.002371,181.0426352000,199.9051924800,180.9478484800,188.6255728000,66021744,2667279818.1600,1,18.854847,2.895553
397,2017-12-22,sz.002371,187.6303122400,193.7440556800,171.0900296000,190.2843404000,55125487,2105948739.0200,1,15.743035,0.879397
398,2017-12-29,sz.002371,189.0047196800,197.5355244800,180.0947680000,196.3980838400,59608911,2383128564.4000,1,17.023436,3.212951
399,2018-01-05,sz.002371,198.6255717600,203.3175144000,187.5829188800,189.8104068000,55057705,2282978259.4200,1,15.723678,-3.354247
400,2018-01-12,sz.002371,187.2511653600,187.2511653600,168.4833948000,168.8151483200,51259839,1925558597.3400,1,14.639063,-11.061174
401,2018-01-19,sz.002371,166.9194139200,168.6729682400,151.1848184000,158.2938224000,64138813,2161107647.6600,1,18.317110,-6.232454
402,2018-01-26,sz.002371,158.3886091200,169.9999823200,151.9431121600,162.7014048800,48914569,1687023008.1400,1,13.969288,2.784431
403,2018-02-02,sz.002371,162.7961916000,165.1184662400,136.9668104000,141.1374260800,41377655,1296559258.8200,1,11.816855,-13.253714
404,2018-02-09,sz.002371,138.6255780000,144.3601745600,116.7298456800,128.3886122400,58527273,1596711851.2800,1,16.714536,-9.032908
405,2018-02-14,sz.002371,130.1421665600,138.6729713600,130.1421665600,133.1279482400,25854817,737526099.8800,1,7.383759,3.691399
406,2018-02-23,sz.002371,134.5023556800,143.0805538400,133.7440619200,139.5734452000,13630629,401691566.8000,1,3.892709,4.841581
407,2018-03-02,sz.002371,140.6634924800,172.8909772800,139.6208385600,169.6682288000,86868640,2939139566.1400,1,24.808417,21.561969
408,2018-03-09,sz.002371,168.7203616000,184.2653836800,164.6445326400,178.2938203200,66956321,2487607353.8400,1,19.121749,5.083799
409,2018-03-16,sz.002371,180.0947680000,189.4786532800,170.7582760800,170.9952428800,61872749,2343976378.2700,1,17.669955,-4.093567
410,2018-03-23,sz.002371,171.5639632000,182.4170426400,160.9004572000,164.6919260000,62835306,2326985862.3900,1,17.496306,-3.686253
411,2018-03-30,sz.002371,164.6919260000,217.3933423200,164.6919260000,217.3933423200,107025076,4346030563.4800,1,29.803751,32.000000
412,2018-04-04,sz.002371,221.5639580000,227.2037678400,204.1232015200,210.9004520000,59327329,2676484584.1500,1,16.521146,-2.986702
413,2018-04-13,sz.002371,209.9525848000,219.5260435200,197.9146713600,210.0473715200,69560504,3060254808.1500,1,19.370824,-0.404494
414,2018-04-20,sz.002371,208.3886039200,267.7724840000,206.9668031200,246.5402587200,133385581,6781805394.4900,1,37.144479,17.373646
415,2018-04-27,sz.002371,243.1279368000,255.8767506400,224.1231994400,233.7440515200,118906297,5999211013.2700,1,33.112368,-5.190311
416,2018-05-04,sz.002371,235.6397859200,250.7108744000,217.8672759200,240.9004488800,54580654,2702958760.5100,1,15.199319,3.061638
417,2018-05-11,sz.002371,243.6018704000,250.1895474400,226.4928674400,226.4928674400,77070299,3900752147.8200,1,21.462110,-5.980720
418,2018-05-18,sz.002371,219.4312568000,230.3317296000,216.8246220000,222.0378916000,66464736,3140188662.4500,1,18.508732,-1.966939
419,2018-05-25,sz.002371,222.0378916000,245.0236712000,219.9051904000,221.7061380800,69543976,3414980105.1500,1,19.366222,-0.149413
420,2018-06-01,sz.002371,222.7487920000,225.5923936000,193.5070888800,196.1137236800,66093992,2963138393.2100,1,18.405489,-11.543395
421,2018-06-08,sz.002371,195.1658564800,211.6587457600,191.6113544800,206.1137226400,54636989,2343696563.8200,1,15.215006,5.099082
422,2018-06-15,sz.002371,204.2653816000,229.8577960000,198.0094580800,223.7440525600,72737271,3326409760.4100,1,20.255473,8.553691
423,2018-06-22,sz.002371,220.3791240000,230.0947628000,191.7535345600,199.0521120000,83592903,3820124808.4500,1,23.278489,-11.035798
424,2018-06-29,sz.002371,200.8530596800,235.4028191200,188.8151462400,235.4028191200,89705414,4034741474.6300,1,24.980667,18.261905
425,2018-07-06,sz.002371,239.3364680000,261.2949445000,226.5820771000,226.8191868500,136638276,7025449022.2900,1,38.050271,-3.646370
426,2018-07-13,sz.002371,225.2542625000,263.1918225000,224.4480893500,252.8064154500,117116563,6033672000.7100,1,32.613973,11.457244
427,2018-07-20,sz.002371,256.1259519500,263.1918225000,240.7612401500,252.5218837500,79131127,4193977276.1900,1,22.035998,-0.112549
428,2018-07-27,sz.002371,253.7074325000,267.7917516500,242.0890547500,246.8786717000,75217204,4075684448.9900,1,20.946071,-2.234742
429,2018-08-03,sz.002371,247.3528912000,248.4910180000,230.3758331000,230.3758331000,62260945,3142908546.0000,1,17.336377,-6.684595
430,2018-08-10,sz.002371,228.6686429000,253.7074325000,218.7100334000,251.0992252500,80769935,4020144573.4500,1,22.490151,8.995471
431,2018-08-17,sz.002371,249.2497692000,265.0412785500,236.3509988000,241.8519450000,79226869,4214037818.8800,1,22.060489,-3.682720
432,2018-08-24,sz.002371,239.0066280000,257.6434543500,235.3077159000,250.7198496500,59950236,3153065092.1000,1,16.688909,3.666667
433,2018-08-31,sz.002371,249.2023472500,264.7567468500,246.0250766000,246.4992961000,54937967,2947866775.0000,1,15.288736,-1.683374
434,2018-09-07,sz.002371,243.9859327500,267.1278443500,235.1654500500,240.9035060000,73298257,3929519179.3100,1,20.398237,-2.270104
435,2018-09-14,sz.002371,236.1138890500,237.5839695000,209.3679092500,213.8729945000,57087601,2714629640.9900,1,15.886959,-11.220472
436,2018-09-21,sz.002371,212.4977579500,229.2377063000,211.5967409000,219.7533163000,43132699,1995538074.6500,1,12.003437,2.749446
437,2018-09-28,sz.002371,218.1409700000,230.5180989500,215.6276066500,223.1676967000,33073928,1571250258.2600,1,9.204173,1.553733
438,2018-10-12,sz.002371,216.2440920000,221.9347260000,180.4405197500,191.6320999500,53132678,2225151837.5300,1,14.786340,-14.130897
439,2018-10-19,sz.002371,191.6320999500,199.1721900000,178.3539539500,192.5331170000,49237622,1989220052.6900,1,13.702382,0.470181
440,2018-10-26,sz.002371,194.9042145000,209.1307995000,183.5229465000,186.7476391000,47984853,1998063192.0700,1,13.353748,-3.004926
441,2018-11-02,sz.002371,188.7867829500,196.5639827500,169.2489395500,194.7145267000,57888328,2239702099.9700,1,16.109794,4.266125
442,2018-11-09,sz.002371,193.7186657500,208.8936897500,191.5846780000,196.0423413000,39467089,1660676160.6000,1,10.983331,0.681929
443,2018-11-16,sz.002371,197.6546876000,217.2873749000,196.0423413000,214.3946359500,40025974,1742074017.3300,1,11.138864,9.361393
444,2018-11-23,sz.002371,209.8895507000,217.0028432000,192.1063194500,192.7228048000,30481078,1318748231.9000,1,8.482606,-10.108383
445,2018-11-30,sz.002371,192.9599145500,200.4051607000,183.9971660000,192.9599145500,29643111,1197078665.9400,1,8.249408,0.123031
446,2018-12-07,sz.002371,201.0690680000,215.4379188500,197.7969534500,206.8545459000,40303468,1765812482.6800,1,11.216088,7.200786
447,2018-12-14,sz.002371,206.3329044500,211.0276775000,195.4258559500,195.9000754500,24792967,1066958288.8300,1,6.899657,-5.295736
448,2018-12-21,sz.002371,193.4815560000,196.3742949500,187.3167025000,188.5970951500,19590000,788907522.0500,1,5.451719,-3.727911
449,2018-12-28,sz.002371,188.5496732000,193.6238218500,176.0777003500,179.0652832000,28165354,1108687656.0500,1,7.838161,-5.054061
450,2019-01-04,sz.002371,179.2549710000,188.0754537000,177.8323125000,185.9414659500,14318805,551088737.5700,1,3.984793,3.840042
451,2019-01-11,sz.002371,189.9249097500,207.7081410000,189.9249097500,196.7536705500,39772460,1671963037.3200,1,11.068313,5.814843
452,2019-01-18,sz.002371,197.7021095500,204.2937606000,190.3042853500,193.9083535500,25134672,1035299536.6000,1,6.994750,-1.446132
453,2019-01-25,sz.002371,193.9083535500,222.4089455000,192.6279609000,216.9554212500,48209782,2128669606.3000,1,13.416343,11.885547
454,2019-02-01,sz.002371,219.0894090000,226.6769210000,212.9245555000,225.3016844500,30988117,1431488738.2900,1,8.623711,3.846995
455,2019-02-15,sz.002371,225.8233259000,236.9200622000,223.8316040000,228.0995795000,35591872,1725144519.9000,1,9.904894,1.241844
456,2019-02-22,sz.002371,228.8109087500,237.9159231500,219.1368309500,234.7386525000,58505873,2813395287.2300,1,16.281652,2.910603
457,2019-03-01,sz.002371,246.5941400000,256.6001714500,237.5839695000,245.3137473500,53937829,2808158806.0400,1,15.010407,4.505051
458,2019-03-08,sz.002371,251.2414911000,353.6729031000,246.5941400000,344.5204667500,103818372,6772263968.4700,1,28.891707,40.440750
459,2019-03-15,sz.002371,362.6830736000,393.6021850000,310.0921310500,324.2712941000,104719164,7665558700.6200,1,29.142389,-5.877495
460,2019-03-22,sz.002371,324.5084038500,352.3450885000,310.8508822500,338.4030352000,66750384,4697392039.6900,1,18.576024,4.357999
461,2019-03-29,sz.002371,330.0567720000,348.2668008000,310.7560383500,334.2773255500,65434405,4566535395.4300,1,18.209799,-1.219170
462,2019-04-04,sz.002371,337.3597523000,367.5201125000,331.6691183000,336.6958450000,53585365,3914411773.7800,1,14.912319,0.723507
463,2019-04-12,sz.002371,334.3247475000,334.3247475000,297.2407826000,306.3932189500,50868794,3369588483.4100,1,14.156322,-9.000000
464,2019-04-19,sz.002371,312.2735407500,319.3868332500,295.2490607000,305.8715775000,39636665,2593973303.4900,1,11.030523,-0.170252
465,2019-04-26,sz.002371,309.4282237500,319.3868332500,295.0119509500,302.9788385500,51597201,3360732221.4400,1,14.359031,-0.945736
466,2019-04-30,sz.002371,305.7293116500,305.7293116500,287.1399072500,289.3213169500,15159214,943553155.5300,1,4.218671,-4.507748
467,2019-05-10,sz.002371,275.0473100000,329.5825525000,258.4970494500,329.5825525000,69814336,4293256214.0500,1,19.428694,13.915752
468,2019-05-17,sz.002371,322.4692600000,334.3247475000,311.4673676000,315.5930772500,58962734,3997649066.9100,1,16.408792,-4.244604
469,2019-05-24,sz.002371,324.8403575000,346.2276569500,312.0364310000,312.1312749000,67803074,4688670150.9900,1,18.868978,-1.096920
470,2019-05-31,sz.002371,312.5106505000,336.6958450000,312.4632285500,316.4940943000,45691318,3141807310.1500,1,12.715478,1.397751
471,2019-06-06,sz.002371,319.6713649500,322.2795722000,295.6758582500,300.1809435000,26187902,1697915729.6000,1,7.287855,-5.154330
472,2019-06-14,sz.002371,301.5561800500,317.5373772000,298.2840655000,298.7108630500,30266730,1978775991.3100,1,8.422955,-0.489731
473,2019-06-21,sz.002371,298.7108630500,321.5208210000,282.1606025000,318.4383942500,37717306,2401242306.5500,1,10.496383,6.604223
474,2019-06-28,sz.002371,316.7786260000,339.5411620000,304.0695434000,328.3970037500,37934283,2577776309.9400,1,10.556765,3.127327
475,2019-07-05,sz.002371,339.0669425000,343.5246058000,315.2137016500,321.7579307500,31929739,2198892192.7400,1,8.885756,-2.021661
476,2019-07-12,sz.002371,320.2404283500,335.8555951800,308.4727100000,311.2252357200,33438067,2261345217.9500,1,9.305509,-3.273485
477,2019-07-19,sz.002371,311.3201504000,338.8454076000,306.5744164000,317.7268913000,47288248,3215604414.9900,1,13.159889,2.089052
478,2019-07-26,sz.002371,325.7471817600,329.8285130000,298.9812420000,305.4828975800,38324210,2501341175.4300,1,10.665300,-3.853622
479,2019-08-02,sz.002371,306.5744164000,312.7438706000,279.0491592000,288.2558831600,38940016,2446117573.3800,1,10.836700,-5.639273
480,2019-08-09,sz.002371,287.0694496600,290.1067194200,264.8119572000,270.9339540600,37637818,2179459431.1800,1,10.474200,-6.009220
481,2019-08-16,sz.002371,273.2119063800,287.4965657200,266.7102508000,281.7542275800,42732909,2490132619.4600,1,11.892200,3.993694
482,2019-08-23,sz.002371,284.4118386200,302.1608837800,276.3440908200,294.3304226800,56660135,3472803119.1800,1,15.147900,4.463534
483,2019-08-30,sz.002371,287.8762244400,318.0116353400,287.8762244400,307.0489898000,60007288,3883452704.1500,1,13.104900,4.321187
484,2019-09-06,sz.002371,308.4252526600,353.7944697000,303.5371466400,333.7200148800,75822629,5292857885.2600,1,16.558900,8.686244
485,2019-09-12,sz.002371,336.7098273000,345.0148618000,322.4726253000,328.3098781200,45486738,3196550469.5600,1,9.933900,-1.621160
486,2019-09-20,sz.002371,330.0183423600,340.1267557800,318.4387514000,336.8521993200,46342032,3219410556.7700,1,10.120600,2.601908
487,2019-09-27,sz.002371,336.7098273000,407.1839772000,319.1031541600,327.4556460000,110349957,8409372103.6900,1,24.099400,-2.789518
488,2019-09-30,sz.002371,324.1336322000,325.9370111200,311.2252357200,311.2252357200,12443962,828106070.6700,1,2.717600,-4.956500
489,2019-10-11,sz.002371,311.8896384800,328.8793662000,304.6761228000,314.8319935600,38820699,2602299711.9900,1,8.478000,1.158890
490,2019-10-18,sz.002371,319.2455261800,321.7607652000,296.6083750000,297.3676924400,40962056,2656113763.0000,1,8.945700,-5.547181
491,2019-10-25,sz.002371,295.6592282000,308.4727100000,289.6321460200,307.7608499000,25506953,1622407277.0200,1,5.570500,3.495053
492,2019-11-01,sz.002371,317.4896046000,342.3097934200,308.8523687200,336.7098273000,58350937,4031314318.9200,1,12.743200,9.406322
493,2019-11-08,sz.002371,338.8454076000,350.1402545200,330.8725744800,331.6318919200,44468042,3169755784.5700,1,9.711400,-1.508104
494,2019-11-15,sz.002371,327.4556460000,381.2248122200,317.1099458800,366.5604941600,74633141,5661192829.8600,1,16.299100,10.532341
495,2019-11-22,sz.002371,366.5130368200,371.9231735800,341.1233599200,345.0623191400,57088042,4340642858.7200,1,12.467500,-5.864837
496,2019-11-29,sz.002371,348.8114490000,372.8248630400,333.1505268000,371.1163988000,51805648,3874333483.7100,1,11.313900,7.550543
497,2019-12-06,sz.002371,372.4926616600,435.4685518400,366.2757501200,428.5872375400,76483316,6533409757.7300,1,16.703100,15.485934
498,2019-12-13,sz.002371,431.3872206000,442.9193542200,411.9297112000,428.5397802000,58948011,5301434564.8500,1,12.873700,-0.011073
499,2019-12-20,sz.002371,426.2618278800,442.8718968800,405.7602570000,407.2788918800,59803042,5343287628.0100,1,13.060300,-4.961240
500,2019-12-27,sz.002371,393.1840619000,450.8447300000,388.2959558800,421.4686365400,62093630,5499054529.2500,1,13.560700,3.484036
501,2020-01-03,sz.002371,421.5160938800,448.4718630000,407.4687212400,439.9295418000,34785673,3147746194.7700,1,7.596800,4.380137
502,2020-01-10,sz.002371,432.8583981400,449.2311804400,418.2415374200,431.8617940000,43968659,4000488041.4000,1,9.602200,-1.833873
503,2020-01-17,sz.002371,431.8617940000,558.6203491400,431.8617940000,536.2679420000,74218167,7951562675.6900,1,16.208500,24.175824
504,2020-01-23,sz.002371,532.7560988400,613.6234062000,531.2374639600,562.3694790000,49476937,5899090867.9800,1,10.805200,4.867257
505,2020-02-07,sz.002371,506.1325311000,695.2500310000,506.1325311000,687.9416006400,70596687,8709481452.7800,1,15.417500,22.329114
506,2020-02-14,sz.002371,669.1484940000,729.8938892000,647.2706602600,671.0942449400,58092906,8327047464.1300,1,12.687000,-2.448951
507,2020-02-21,sz.002371,679.8263955000,760.2665868000,671.9959344000,726.0973020000,57142705,8689270076.9500,1,12.479300,8.196026
508,2020-02-28,sz.002371,722.3007148000,854.9439801000,694.4907135600,702.4160893400,86814677,13996467207.8700,1,18.959400,-3.261438
509,2020-03-06,sz.002371,721.4464826800,732.5515002400,605.3183717000,634.5995504800,86806968,12013329355.3700,1,18.957800,-9.654753
510,2020-03-13,sz.002371,622.4504714400,645.6571107000,572.0507763600,633.0809156000,87397314,11214696492.4900,1,19.086300,-0.239306
511,2020-03-20,sz.002371,633.7927757000,705.6906458000,595.6845316800,683.4331533400,80294045,11039746880.9600,1,17.534600,7.953523
512,2020-03-27,sz.002371,652.5384250000,673.1823679000,555.2508780000,587.5693265400,58101725,7399333604.9800,1,12.688200,-14.026804
513,2020-04-03,sz.002371,578.0778585400,606.5048052000,539.0204677200,591.3184564000,49920496,5999949298.5200,1,10.901700,0.638074
514,2020-04-10,sz.002371,620.7894645400,623.9691063200,550.7424307000,555.2508780000,30587870,3814939681.2500,1,6.679800,-6.099518
515,2020-04-17,sz.002371,550.7424307000,653.8672305200,533.0883002200,648.7892951400,49879249,6279516341.2000,1,10.892500,16.846154
516,2020-04-24,sz.002371,640.6740900000,663.4061558600,619.1284576400,626.4368880000,39409969,5351106499.5700,1,8.606400,-3.445249
517,2020-04-30,sz.002371,638.3012230000,741.0938214400,617.4199934000,722.1583427800,35723997,5095021024.5400,1,7.801400,15.280303
518,2020-05-08,sz.002371,730.8430360000,780.6257856600,730.8430360000,741.0463641000,29166889,4637776059.0100,1,6.369500,2.615496
519,2020-05-15,sz.002371,741.3311081400,784.3274581800,705.5008164400,768.7614506600,56027643,8821401626.2600,1,12.235300,3.739994
520,2020-05-22,sz.002371,808.9578176400,872.2184518600,719.9278478000,746.2666715000,88387828,14945866076.1200,1,19.302000,-2.926107
521,2020-05-29,sz.002371,748.0225930800,794.2934995800,695.7246044000,721.3515680000,57319654,8950475406.1700,1,12.517300,-3.338633
522,2020-06-05,sz.002371,735.5887700000,764.1106313400,718.9787010000,731.4599814200,44437976,6966241120.0600,1,9.704400,1.401316
523,2020-06-12,sz.002371,741.3311081400,771.5614337200,712.0024720200,712.8567041400,46253015,7179382015.2300,1,10.100600,-2.543308
524,2020-06-19,sz.002371,701.8940586000,754.0496752600,678.1653886000,740.3819613400,41176902,6152783600.8500,1,8.992100,3.861261
525,2020-06-24,sz.002371,756.9445730000,825.2925358400,755.5208528000,802.5048910400,32494482,5439822662.2200,1,7.096100,8.390663
526,2020-07-03,sz.002371,797.5675680000,878.9859239000,783.3252900000,855.2962681600,45080479,7804424564.1400,1,9.844600,6.578325
527,2020-07-10,sz.002371,863.4618408800,1074.3425038000,859.2841060000,1050.6053738000,63908565,13319325958.7100,1,13.956300,22.835258
528,2020-07-17,sz.002371,1031.5207212800,1068.1708500000,804.6887070000,821.3046980000,73331522,14706535924.8500,1,16.014100,-21.825576
529,2020-07-24,sz.002371,835.5469760000,924.1339451600,794.3867925800,847.8428093400,48312372,8841947218.9800,1,10.550400,3.231214
530,2020-07-31,sz.002371,848.0327063800,989.7908467400,815.6552610600,989.7908467400,40485524,7627902371.2800,1,8.841200,16.742259
531,2020-08-07,sz.002371,1088.7272045800,1134.0651228800,940.5125648600,989.3635784000,60602454,13166778506.3600,1,13.234400,-0.043168
532,2020-08-14,sz.002371,954.2801002600,1094.7564356000,949.4852000000,987.4646080000,45135771,9680518793.3100,1,9.856700,-0.191939
533,2020-08-21,sz.002371,988.5090417200,1052.0296016000,933.4389001200,946.6367444000,34269131,7154214340.6000,1,7.483600,-4.134615
534,2020-08-28,sz.002371,954.2326260000,954.2326260000,859.3315802600,905.5240352400,30011613,5714736889.4100,1,6.553800,-4.343029
535,2020-09-04,sz.002371,916.2532180000,925.7480700000,842.6681150000,888.0060333000,37895749,7048890092.9800,1,8.274100,-1.934571
536,2020-09-11,sz.002371,887.7686620000,887.7686620000,714.4876130000,746.2953672000,46623241,7666586544.5100,1,10.179700,-15.958300
537,2020-09-18,sz.002371,746.2953672000,777.7708015800,719.0451419600,776.5839450800,36012698,5677743733.8100,1,7.862800,4.058524
538,2020-09-25,sz.002371,778.1031214000,806.3028318400,736.2308240800,744.6337681000,20599025,3321915933.8200,1,4.497600,-4.114195
539,2020-09-30,sz.002371,735.9934527800,782.8030731400,720.6592668000,755.1255795600,14443463,2297025120.0000,1,3.145500,1.408989
540,2020-10-09,sz.002371,774.3051806000,779.8121947600,761.0598620600,767.6587842000,4389980,712027552.0000,1,0.956000,1.659751
541,2020-10-16,sz.002371,778.5778640000,856.1982791000,771.5041992600,822.3016574600,30811694,5356124043.1700,1,6.710100,7.118120
542,2020-10-23,sz.002371,825.6723299200,830.7520757400,741.1206728600,748.7640287200,23392755,3833093865.0400,1,5.094500,-8.942902
543,2020-10-30,sz.002371,742.9721690000,835.5469760000,735.8985042600,811.8098460000,22982647,3791929255.7300,1,5.005200,8.419985
544,2020-11-06,sz.002371,814.4209303000,902.0109400000,807.0624200000,901.4412488800,41308717,7427524646.3100,1,8.996100,11.040936
545,2020-11-13,sz.002371,915.8259496600,991.2625488000,835.5469760000,863.4143666200,45277579,8644906149.4400,1,9.860600,-4.218454
546,2020-11-20,sz.002371,863.0820468000,872.7193215800,812.0472173000,836.3540384200,27135557,4848112824.2700,1,5.909600,-3.134107
547,2020-11-27,sz.002371,832.2237778000,853.8720403600,790.4464290000,805.4482951600,25253720,4406391908.1100,1,5.499700,-3.695294
548,2020-12-04,sz.002371,807.0624200000,832.6985204000,776.2041510000,785.1293118800,31124061,5263071118.7100,1,6.778200,-2.522692
549,2020-12-11,sz.002371,810.1957211600,845.6115191200,777.8657501000,782.7555988800,38675014,6627175824.9600,1,8.422800,-0.302334
550,2020-12-18,sz.002371,778.5778640000,798.2322076400,748.6690802000,754.8407340000,30680833,4951671105.1200,1,6.679400,-3.566230
551,2020-12-25,sz.002371,753.9387230600,847.4155410000,753.9387230600,820.3077385400,61681222,10545756979.5000,1,13.428400,8.672956
552,2020-12-31,sz.002371,816.5572720000,872.7667958400,797.8049393000,858.0497752400,38266980,6736567376.0000,1,8.331000,4.600961
553,2021-01-08,sz.002371,863.5567894000,956.5588647400,858.0497752400,888.9555185000,56382763,10707522010.6800,1,12.275000,3.601859
554,2021-01-15,sz.002371,897.2635140000,1082.4131280000,897.2635140000,1020.0319503600,77099753,16494952371.8200,1,16.785200,14.744993
555,2021-01-22,sz.002371,1006.5492605200,1129.7924394800,983.5717186800,1049.2286202600,54670224,12314913248.0000,1,11.902200,2.862329
556,2021-01-29,sz.002371,1043.6266575800,1082.4131280000,932.8692090000,951.3841704000,42085333,8973135960.3000,1,9.162300,-9.325370
557,2021-02-05,sz.002371,953.6629348800,972.6526388800,882.4515448800,900.5867122000,37116975,7258405440.0000,1,8.080600,-5.339321
558,2021-02-10,sz.002371,902.1058885200,969.9466060600,902.0584142600,957.0336073400,18638979,3708728823.5700,1,4.057800,6.267791
559,2021-02-19,sz.002371,981.1030571600,1035.6984561600,916.6330120800,940.9398332000,20252747,4151312928.0000,1,4.409200,-1.681631
560,2021-02-26,sz.002371,930.0207534000,956.6063390000,842.1933724000,851.6882244000,34349701,6554831355.9900,1,7.478100,-9.485368
561,2021-03-05,sz.002371,865.6456568400,962.2083016800,840.2944020000,863.9365834800,40404625,7658737952.0000,1,8.796400,1.438127
562,2021-03-12,sz.002371,868.6840094800,873.4789097400,705.4675036000,723.9349907400,43880651,6971706368.0000,1,9.553100,-16.205077
563,2021-03-19,sz.002371,709.9775583000,709.9775583000,659.8447397400,674.1344920000,30869103,4437961136.0000,1,6.720300,-6.879140
564,2021-03-26,sz.002371,675.4637712800,684.8636747600,633.9237937800,671.5234077000,25839601,3593045532.0500,1,5.625400,-0.387324
565,2021-04-02,sz.002371,675.9385138800,792.8201420000,666.0638678000,779.7647205000,31267342,4719837616.0000,1,6.807200,16.118770
566,2021-04-09,sz.002371,779.8121947600,791.8706568000,749.2862455800,757.2144470000,22002407,3558121120.0000,1,4.790000,-2.891933
567,2021-04-16,sz.002371,769.0830120000,785.6990030000,699.2009012800,717.4310171200,25334610,3963404192.0000,1,5.515500,-5.253918
568,2021-04-23,sz.002371,721.6087520000,781.9485364600,704.1856985800,778.4354412200,27157882,4282296849.9700,1,5.912500,8.503200
569,2021-04-30,sz.002371,781.5687423800,820.7350068800,762.5315641200,786.2686941200,32443202,5419797668.4000,1,7.063100,1.006300
570,2021-05-07,sz.002371,771.4567250000,820.2602642800,762.9113582000,770.5072398000,12074274,2007674961.1200,1,2.628600,-2.004600
571,2021-05-14,sz.002371,760.2527996400,784.2747752000,703.2362133800,777.3910075000,25309329,3972650120.4200,1,5.509900,0.893400
572,2021-05-21,sz.002371,787.5979734000,859.2841060000,784.7495178000,801.8877256600,27100910,4711468231.8900,1,5.899800,3.151100
573,2021-05-28,sz.002371,816.7946433000,910.6987295800,788.0727160000,888.4807759000,46125638,8313578583.9000,1,10.041400,10.798700
574,2021-06-04,sz.002371,902.7230539000,1014.1451421200,876.8495822000,992.2120340000,48423678,9707592338.4000,1,10.541800,11.675100
575,2021-06-11,sz.002371,1030.1914420000,1087.9201421600,996.4847174000,1040.0660880800,36624598,8060759160.6100,1,7.973200,4.823000
576,2021-06-18,sz.002371,1034.2267541000,1243.0185495800,1030.2863905200,1236.2772046600,45021068,10905311259.7600,1,9.801000,18.865300
577,2021-06-25,sz.002371,1215.3410560000,1304.9724588800,1177.8363906000,1253.3204640000,44836056,11549222007.2700,1,9.760800,1.378600
578,2021-07-02,sz.002371,1262.8153160000,1404.1461880200,1205.9886267800,1266.0910399400,37305762,10205137210.4400,1,8.121100,1.018900
579,2021-07-09,sz.002371,1291.3948205200,1618.7957204400,1287.5968797200,1562.4249480000,41613687,12566296977.1600,1,9.057500,23.405400
580,2021-07-16,sz.002371,1557.6759360000,1666.9032120000,1472.1937200000,1539.6771805200,36440819,11883367781.9900,1,7.931600,-1.455900
581,2021-07-23,sz.002371,1519.6838400000,1826.7549559200,1463.5505181600,1773.1861005600,42674157,14703835467.1200,1,9.288400,15.166100
582,2021-07-30,sz.002371,1754.6174636400,2051.5731840000,1600.5595143600,2051.5731840000,49525518,18839274461.0100,1,10.779600,15.699800
583,2021-08-06,sz.002371,2009.9718388800,2040.3655156800,1672.8869671200,1785.6285120000,57349612,21853147963.5700,1,12.482600,-12.963000
584,2021-08-13,sz.002371,1726.2658620000,1848.8378617200,1607.0656608000,1657.3102077600,39225692,14113189922.4100,1,8.537900,-7.186200
585,2021-08-20,sz.002371,1600.4645341200,1786.8632551200,1528.6594726800,1737.1885896000,41931397,14580526122.2400,1,9.126800,4.819800
586,2021-08-27,sz.002371,1768.9594798800,1956.5929440000,1710.4516520400,1852.1146800000,30561785,11953072972.0300,1,6.652100,6.615600
587,2021-09-03,sz.002371,1860.2354905200,1891.4364993600,1461.6034232400,1562.4249480000,57557064,19697932658.9700,1,12.527700,-15.641000
588,2021-09-10,sz.002371,1551.2172796800,1770.2417131200,1544.8536036000,1755.7097364000,30616155,10591093553.1300,1,6.663800,12.370800
589,2021-09-17,sz.002371,1742.8874040000,1853.3494231200,1600.4170440000,1695.3972840000,34256240,12453228985.4400,1,7.442400,-3.435200
590,2021-09-24,sz.002371,1658.0700496800,1875.8597400000,1656.9302868000,1817.2569319200,19101239,7282381117.0100,1,4.147400,7.187700
591,2021-09-30,sz.002371,1852.1146800000,1913.8518360000,1676.6386866000,1736.6661982800,24730930,9225185272.5500,1,5.369900,-4.434700
592,2021-10-08,sz.002371,1783.8238874400,1788.4779192000,1612.7169850800,1676.4487261200,8459961,2979651545.2600,1,1.836900,-3.467400
593,2021-10-15,sz.002371,1685.8992600000,1707.4597744800,1545.5659554000,1681.3876986000,28093375,9600566401.4100,1,6.099900,0.294600
594,2021-10-22,sz.002371,1661.3468679600,1757.1344400000,1599.3247712400,1747.6364160000,26355009,9269545814.7400,1,5.722600,3.940100
595,2021-10-29,sz.002371,1741.9850917200,1867.9763800800,1731.4897752000,1763.0707050000,23391009,8772592782.4200,1,5.078800,0.883200
596,2021-11-05,sz.002371,1738.1383920000,1965.6160668000,1733.3893800000,1795.1265360000,27662301,10737199247.5300,1,6.006300,1.818200
597,2021-11-12,sz.002371,1761.8834520000,2150.2576533600,1738.1383920000,2094.2668018800,35197292,14650422297.9100,1,7.642400,16.664000
598,2021-11-19,sz.002371,2099.0158138800,2108.5613280000,1833.4985529600,1878.2817361200,25603355,10435336274.3900,1,5.559300,-10.313200
599,2021-11-26,sz.002371,1845.9884545200,1928.0513818800,1762.9757247600,1767.0598750800,27921551,10843152884.0800,1,6.062500,-5.921500
600,2021-12-03,sz.002371,1738.1383920000,1870.4933564400,1732.8194985600,1837.8676440000,23125566,8824768444.0100,1,5.021000,4.007100
601,2021-12-10,sz.002371,1828.3221298800,1842.6166560000,1713.0636086400,1747.2564950400,23561544,8799540789.7400,1,5.115800,-4.930200
602,2021-12-17,sz.002371,1747.3514752800,1783.2540060000,1625.0169261600,1640.7836460000,25259018,9150236105.9700,1,5.484400,-6.093700
603,2021-12-24,sz.002371,1628.9111160000,1694.8274025600,1533.9308760000,1567.1739600000,25576488,8755675533.2900,1,5.553300,-4.486300
604,2021-12-31,sz.002371,1581.3735058800,1651.2314724000,1523.0081484000,1648.0021442400,26595720,8855253432.7000,1,5.774700,5.157600
605,2022-01-07,sz.002371,1642.6832508000,1655.3156227200,1379.3030452800,1393.1226702000,33439228,10280606067.0600,1,7.260600,-15.466000
606,2022-01-14,sz.002371,1387.2338953200,1424.7036000000,1305.5983790400,1371.0872545200,44276528,12724882698.3200,1,9.613600,-1.581700
607,2022-01-21,sz.002371,1405.7075520000,1543.4763901200,1387.5663261600,1397.5867414800,37075856,11400238400.4200,1,8.050200,1.932700
608,2022-01-28,sz.002371,1383.7196264400,1495.4638788000,1343.0205936000,1343.9703960000,28647368,8590009231.7100,1,6.218300,-3.836400
609,2022-02-11,sz.002371,1381.1551599600,1416.5827894800,1182.4090077600,1183.4063002800,36745278,9584894984.9800,1,7.975300,-11.947000
610,2022-02-18,sz.002371,1163.4604498800,1311.8670748800,1130.8347374400,1277.4842280000,28125893,7385215114.4000,1,6.104600,7.949800
611,2022-02-25,sz.002371,1277.4842280000,1467.4447080000,1213.4200561200,1432.0645686000,37840246,10890021923.0000,1,8.212700,12.100400
612,2022-03-04,sz.002371,1432.2070389600,1467.9196092000,1321.3650988800,1386.9489546000,27492343,8120485808.0000,1,5.966300,-3.150400
613,2022-03-11,sz.002371,1363.4888353200,1500.6877920000,1296.1953352800,1426.1283036000,48254613,14197984192.0000,1,10.434400,2.824900
614,2022-03-18,sz.002371,1391.3655357600,1586.4074586000,1346.6298427200,1472.1462298800,42566289,13068348684.3400,1,9.204300,3.226800
615,2022-03-25,sz.002371,1472.1937200000,1501.2101833200,1358.2174320000,1358.2174320000,21729115,6535922506.6100,1,4.698500,-7.739000
616,2022-04-01,sz.002371,1327.8237552000,1381.9624920000,1279.0039118400,1307.8779048000,26507054,7428642536.3300,1,5.731700,-3.706300
617,2022-04-08,sz.002371,1306.9755925200,1309.5400590000,1207.4837911200,1244.2411440000,15171928,3983579399.0500,1,3.280700,-4.865600
618,2022-04-15,sz.002371,1227.6196020000,1263.1422117600,1130.2648560000,1241.2967565600,30161788,7590697742.0700,1,6.522000,-0.236600
619,2022-04-22,sz.002371,1234.7431200000,1301.9416398000,1168.2569520000,1208.6235540000,27497732,7235550659.0400,1,5.946000,-2.632200
620,2022-04-29,sz.002371,1163.6979004800,1182.4564978800,1035.2846160000,1135.0138680000,38268940,8952080802.0900,1,8.258600,-6.090400
621,2022-05-06,sz.002371,1120.7668320000,1140.5227219200,1048.6768298400,1054.2806640000,19305940,4419304435.2400,1,3.925600,-7.113000
622,2022-05-13,sz.002371,1040.0336280000,1196.2761228000,978.2964720000,1181.5541856000,56423860,13083735703.9200,1,11.472800,12.072100
623,2022-05-20,sz.002371,1181.6491658400,1291.7312640000,1144.9867932000,1249.4650572000,32083969,8294886507.2700,1,6.523700,5.747600
624,2022-05-27,sz.002371,1248.9901560000,1300.6594065600,1182.6464583600,1216.6968744000,24312376,6368689912.8100,1,4.943300,-2.622600
625,2022-06-02,sz.002371,1221.9207876000,1406.6098642800,1199.6004312000,1371.0872545200,27278336,7476674835.6300,1,5.546500,12.689300
626,2022-06-10,sz.002371,1357.2676296000,1392.5052986400,1235.7879026400,1291.7787541200,38312935,10619061541.5500,1,7.790300,-5.784400
627,2022-06-17,sz.002371,1269.2684372400,1279.7162636400,1132.8768126000,1218.6439693200,50695415,12947785599.7500,1,10.305300,-5.661600
628,2022-06-24,sz.002371,1225.2450960000,1296.2428254000,1197.2259252000,1274.6348208000,47666572,12486169382.9700,1,9.689700,4.594500
629,2022-07-01,sz.002371,1282.2332400000,1370.9922742800,1250.8897608000,1339.6013049600,46114813,12775735022.0300,1,9.374200,5.096900
630,2022-07-08,sz.002371,1315.4763240000,1472.1937200000,1227.5246217600,1448.4486600000,67739449,19478078436.6500,1,13.769700,8.125400
631,2022-07-15,sz.002371,1438.4757348000,1469.5342732800,1306.2430148400,1334.4722352000,43000459,12324481932.1900,1,8.740600,-7.868900
632,2022-07-22,sz.002371,1344.9750259400,1381.7585555000,1235.6224400000,1299.3045196000,50608327,13801887048.3100,1,10.287200,-2.635300
633,2022-07-29,sz.002371,1284.1443827400,1306.6232063600,1203.3061608000,1205.1120705200,36153770,9589862640.5100,1,7.349000,-7.249500
634,2022-08-05,sz.002371,1187.9559281800,1508.6949992400,1149.1288692000,1508.6949992400,69319568,19482711225.1000,1,14.090600,25.191300
635,2022-08-12,sz.002371,1554.0328380000,1611.0615660000,1448.6247390800,1549.7556834000,59268922,19310695675.3600,1,12.047600,2.721600
636,2022-08-19,sz.002371,1562.5396232600,1600.5112513200,1449.4801700000,1457.1790482800,38466688,12193788807.2000,1,7.819200,-5.973600
637,2022-08-26,sz.002371,1458.9849580000,1481.7964492000,1342.2661613600,1342.7414007600,26722909,7874655147.9300,1,5.432000,-7.853400
638,2022-09-02,sz.002371,1321.1655320000,1401.9562300000,1315.8428507200,1357.0461067000,31262236,8928770595.1900,1,6.354600,1.065300
639,2022-09-09,sz.002371,1344.9275020000,1520.7185560600,1292.6986919400,1485.1231250000,33504135,10088016311.9100,1,6.810500,9.437900
640,2022-09-16,sz.002371,1492.2517160000,1562.4920993200,1438.2169962200,1500.6159294400,25242779,7955110079.8400,1,5.125100,1.043200
641,2022-09-23,sz.002371,1487.9745614000,1544.5280500000,1344.1195950200,1354.4322900000,27443023,8330303080.2900,1,5.567100,-9.741600
642,2022-09-30,sz.002371,1335.9930012800,1428.8072561000,1320.2150532000,1323.0664896000,22026700,6380495698.8300,1,4.468200,-2.315800
643,2022-10-14,sz.002371,1259.3844100000,1259.3844100000,1007.3649561800,1068.7183627200,60861320,13711586389.3100,1,12.346200,-19.224100
644,2022-10-21,sz.002371,1042.8178154200,1287.3760106600,1038.6832326400,1248.0737122800,57130689,13923119823.0900,1,11.589500,16.782300
645,2022-10-28,sz.002371,1230.8700460000,1309.4746427600,1214.7594303400,1263.6615646000,42914594,11392994631.4000,1,8.705700,1.249000
646,2022-11-04,sz.002371,1273.4990201800,1304.3895811800,1221.3652580000,1295.5026044000,40785270,10827646609.7500,1,8.272000,2.519700
647,2022-11-11,sz.002371,1285.9978164000,1318.7893350000,1108.2582808000,1132.1152986800,52485008,13080696989.3800,1,10.645000,-12.611900
648,2022-11-18,sz.002371,1126.3173780000,1202.3556820000,1093.0981439400,1095.5693888200,50903899,12251041718.0800,1,10.324200,-3.228100
649,2022-11-25,sz.002371,1083.5458320000,1116.8125900000,1053.4631779800,1069.3361739400,33834190,7737988049.7000,1,6.862200,-2.394500
650,2022-12-02,sz.002371,1045.5266800000,1105.6444641000,1039.6812353800,1078.4607704200,39538928,8940481037.3300,1,8.018500,0.853300
651,2022-12-09,sz.002371,1078.4132464800,1183.3936299400,1050.2790740000,1163.4335751400,50818697,12021721073.3500,1,9.758700,7.879100
652,2022-12-16,sz.002371,1164.3365300000,1204.7318790000,1113.8661057200,1146.3724806800,58808796,14354438724.9500,1,11.184600,-1.466400
653,2022-12-23,sz.002371,1135.8221660000,1146.1348609800,1026.5171040000,1035.1664610800,27708607,6316551291.3300,1,5.269800,-9.700700
654,2022-12-30,sz.002371,1033.1229316600,1099.3713040200,1033.1229316600,1070.7143682000,25509515,5750048632.9700,1,4.851600,3.434000
